path,label,split,hash,weak_label,weak_label_name
../data/sans_label/aed79224-2956-4bb5-9cfe-ba66a0cc2fa3.jpg,unknown,unlabeled,71af57e8ad50d2bfe5cbc56c069e852c,0,normal
../data/sans_label/ae368c7a-7dda-438c-ba8e-95be6df4180c.jpg,unknown,unlabeled,d6c72f2e2468d7aa69b389e079798584,0,normal
../data/sans_label/aed7d082-bf4a-4f7b-bcac-437cb3453640.jpg,unknown,unlabeled,30d426bf2ac1e10cf060137e98021749,0,normal
../data/sans_label/aec1ce1c-8e2a-4fec-bb80-60206e2773f4.jpg,unknown,unlabeled,c2f023f3f62731d4dc1ddfbc81a4cb93,0,normal
../data/sans_label/aead6025-7446-4bca-b635-12e9ad466fe3.jpg,unknown,unlabeled,4ad287a204e954c6a4a79d5a963a9517,0,normal
../data/sans_label/aea301ef-d59d-4843-a30d-05090edb163a.jpg,unknown,unlabeled,58498d92ee26c55aa0603d393b0ba598,1,cancer
../data/sans_label/ae976992-00db-4566-8edd-e0813aecbdbf.jpg,unknown,unlabeled,e3cfe0b3fe459d967d3c35259d0026fe,0,normal
../data/sans_label/ae433b5a-7fe2-4c2e-9e5a-d0c3968b6f93.jpg,unknown,unlabeled,7890b90f765a8c0b8086234d6279dfcb,1,cancer
../data/sans_label/adf753d3-b12a-4ab5-9c8a-732f31df7bd2.jpg,unknown,unlabeled,cf5786bde15e18cc875b75164a9d1d3b,0,normal
../data/sans_label/ae16d97e-2b19-4723-b545-5da8a6788538.jpg,unknown,unlabeled,b63657a93f18e22bfdf221a9160efc4c,1,cancer
../data/sans_label/ae12b9b6-c619-4272-8f67-e7f62d17adfc.jpg,unknown,unlabeled,0eb8c7109af71a1d450b0324d4dbe8cc,1,cancer
../data/sans_label/adfe2464-c84b-418a-a92f-0aca61600d14.jpg,unknown,unlabeled,ba8d413477fd24b2d3cc91ee988a8e79,1,cancer
../data/sans_label/ade0e9eb-189d-4e9e-8f8a-93f142c99e70.jpg,unknown,unlabeled,5d483dd707e47d4ad256f1cf6fa5c26b,0,normal
../data/sans_label/ad830b6f-868a-46e3-bb55-f5246f02fcea.jpg,unknown,unlabeled,a8e18f639360fe8a8af428a63610836b,1,cancer
../data/sans_label/ad54994e-ddfd-42b0-8bc1-421cf121ecfa.jpg,unknown,unlabeled,b885a24fd1f67702c3131faa97f0e59a,0,normal
../data/sans_label/acd40feb-efc6-453d-befa-819b9502a4c2.jpg,unknown,unlabeled,0d1729c344e2cb04d35a1d4d8e2d531c,1,cancer
../data/sans_label/acb02192-02e1-437d-8c18-caee543a6a91.jpg,unknown,unlabeled,3d86ba3696f4ad373553949262200a54,0,normal
../data/sans_label/ae204781-dfdd-42e3-add7-a3b4bd3e1d67.jpg,unknown,unlabeled,aa8c85f31a6fba9fc2e9b0b30b17fed8,1,cancer
../data/sans_label/af799b9c-1752-424f-9139-02f554e58b68.jpg,unknown,unlabeled,73d51ae49d00ed85b797662b4ad4449f,1,cancer
../data/sans_label/b0e5ad1b-ffbc-4ca3-8fc0-a9c3f2843024.jpg,unknown,unlabeled,84e61077b43ac8e2d8d626ed4c64aca0,0,normal
../data/sans_label/afa2ea25-3198-4c2a-90ed-5fbfdb617426.jpg,unknown,unlabeled,80464c833a79233d8d54f23c09ce0aea,1,cancer
../data/sans_label/b1b84b67-8ecb-461f-b5d8-5c15dea5b40e.jpg,unknown,unlabeled,8bd83ca157a174e0d4ffe78dd9d1ce7f,1,cancer
../data/sans_label/acad871f-9572-4f2f-b29a-eed3823f2290.jpg,unknown,unlabeled,fa70dcec4b2441dfea35c289d730b33a,0,normal
../data/sans_label/b187d364-3687-4b99-833a-c1e0c72a1553.jpg,unknown,unlabeled,3ec20689079a7d07b18678ae6f4d531a,1,cancer
../data/sans_label/b1822f99-76ad-446d-a591-8fcd1ee03b4d.jpg,unknown,unlabeled,085e72b79a415e0b5c7abc768ae89487,1,cancer
../data/sans_label/b16fb117-880f-4bf2-844c-8fca10f6a8ba.jpg,unknown,unlabeled,5b8d6a95887c7d4bdbf45ee7326ab32a,0,normal
../data/sans_label/b168a97e-f1f6-44ab-a561-1fc9f764beb5.jpg,unknown,unlabeled,5ae60e906e2b8a27cbde9003d3383adc,1,cancer
../data/sans_label/b1599906-a75f-4f7c-9194-aef5ac307a98.jpg,unknown,unlabeled,a6586c6d98c34950d9c1f68e4b343b33,1,cancer
../data/sans_label/b1596679-1197-4da3-94ea-5c865f1ab2aa.jpg,unknown,unlabeled,44cd1828ca62739f2681de109ff05c61,1,cancer
../data/sans_label/af8a85eb-0518-464f-82ba-4bbe07234156.jpg,unknown,unlabeled,bb524699c05167ccd8eda895a58b7950,1,cancer
../data/sans_label/b1526b83-80c1-4cd8-94e2-452d3aff4d5c.jpg,unknown,unlabeled,e61937d859cafb02e73a4fe6487eaa60,1,cancer
../data/sans_label/b0da657c-53c0-4efb-bed4-ebb465f90bd0.jpg,unknown,unlabeled,565904fa3f485a554273604d6bdc964d,1,cancer
../data/sans_label/b0919a76-d100-43a1-a5f6-1cd2400909b7.jpg,unknown,unlabeled,748668de705a1e0c16ab9ff9142ecf82,0,normal
../data/sans_label/b0573368-2b4a-4bb5-a2f2-fd4c106cbd6a.jpg,unknown,unlabeled,21f27f1245e049fe5d724722b4f77e8d,1,cancer
../data/sans_label/b038504e-6513-4c61-83ea-6016dae07068.jpg,unknown,unlabeled,aab929802a3c0d7f32a5c47b86c464ed,1,cancer
../data/sans_label/b0336c35-ecf3-4300-942e-4046e651403a.jpg,unknown,unlabeled,f3890bece17a058d46782185237fff23,0,normal
../data/sans_label/b0106bf8-8746-4191-b59d-454c38756d88.jpg,unknown,unlabeled,e5065cba727d333346e01fc8ed55124f,1,cancer
../data/sans_label/aff26bce-b891-41bc-9ee6-b296d8b76f59.jpg,unknown,unlabeled,ecabf5d5cef73f4a6c5ad264f8459679,0,normal
../data/sans_label/afae92bf-17c8-4ffa-ab32-3fb29c79a586.jpg,unknown,unlabeled,15ab418722ae8ce42490285b7c5de7d3,1,cancer
../data/sans_label/b0f30a6c-a9d6-4918-8b79-d824fd5c5156.jpg,unknown,unlabeled,75e0317f314a35aeeff09c734e9fa7d3,0,normal
../data/sans_label/ac865d09-397a-4949-9ebf-46ec9f12fa9c.jpg,unknown,unlabeled,327062e6a59677b3171563dbb13b8264,1,cancer
../data/sans_label/a94640dc-32e9-4842-ae35-28769b867234.jpg,unknown,unlabeled,e89c7e36fe2e570271f6274936b1fc0d,0,normal
../data/sans_label/ac1b0ef1-5707-46b7-a97a-5312e76ce70b.jpg,unknown,unlabeled,36fd2d4ec8fc36408fd00370f0d19c63,1,cancer
../data/sans_label/a8e8e276-1bae-4b51-9301-2dda6e7e8b32.jpg,unknown,unlabeled,d266948873f267ff15bfd7eb4e9fa18c,0,normal
../data/sans_label/a8e2d57e-39b3-495c-a585-b2d2d14e0cf3.jpg,unknown,unlabeled,690810abdacc4dba5dc6fb3f672ae52e,0,normal
../data/sans_label/a83813e8-550f-4510-999d-fd120608ada3.jpg,unknown,unlabeled,fc9c6e53db63ac5339942d2825b4a19d,1,cancer
../data/sans_label/a7d3098c-d265-4ae3-92a2-f5434f20a9e4.jpg,unknown,unlabeled,efc97c1d66e847b11961999b637cb58f,1,cancer
../data/sans_label/a77a60c2-a281-456a-9cbc-abff11eb4ecd.jpg,unknown,unlabeled,5666bba830f0df2e60153c59c106a3c8,0,normal
../data/sans_label/a766a6c1-a58d-4e3e-a88d-dacbbb7fe49f.jpg,unknown,unlabeled,b4df709d45dd82fb14010d1ac5fe440f,0,normal
../data/sans_label/a7666642-0f25-4334-84c0-75833f969748.jpg,unknown,unlabeled,92d2c47cf34045633c4fea928b8e2606,1,cancer
../data/sans_label/a74cd797-2401-44e9-b29b-e3e125c8e148.jpg,unknown,unlabeled,038bd3a36c6463f3a9f18ac031ea1c4d,0,normal
../data/sans_label/a7229906-e5cd-4ae0-9762-f12dbf1a65c7.jpg,unknown,unlabeled,5dab38e8d6977d23d470f9c21e4f35d6,0,normal
../data/sans_label/a6eedd89-85a6-417e-b126-70ea9a7c5878.jpg,unknown,unlabeled,ec19656ad6e72dda61f94c4a34078bca,0,normal
../data/sans_label/a6eea4e7-5d58-4dc5-9454-db31b2abac4f.jpg,unknown,unlabeled,1d95209a7ae382b9a059c37a7210cbf9,0,normal
../data/sans_label/a6e0f28f-6638-4af9-bd2e-2dc8816a7971.jpg,unknown,unlabeled,c9865b2b11e51e9c2972370b9abfc1b4,0,normal
../data/sans_label/a6a3b83f-47e0-499f-b71f-8d495ec1c17f.jpg,unknown,unlabeled,6c84af1e306319737105064d24f8e97a,1,cancer
../data/sans_label/a694549b-164f-4ab6-8c6e-821661302d50.jpg,unknown,unlabeled,35ae0f9c08573ec17759e5a373d532f6,0,normal
../data/sans_label/a5f5a148-0ad8-489e-9ebb-fc854a3d1609.jpg,unknown,unlabeled,4bc7ec77fd266eec3eb305f4f78a1de9,1,cancer
../data/sans_label/a5498ea1-4980-4bf9-a397-eff3fc64da84.jpg,unknown,unlabeled,da18f420510281720401ed98be691fbf,1,cancer
../data/sans_label/b238289a-2616-4fbf-bea3-6d3cbf4c12cf.jpg,unknown,unlabeled,c66a792792aadf86569130bb6bcca058,1,cancer
../data/sans_label/a941b1d0-6a6c-4957-843e-2cc48011a512.jpg,unknown,unlabeled,f9958500c7a2a5b2dd8a384da0619488,0,normal
../data/sans_label/a9619c7e-ed01-41ee-8d40-631b9852a32d.jpg,unknown,unlabeled,b3d4dbe36da29c3b553b00b88a6d748d,1,cancer
../data/sans_label/a99cffba-c2d8-422b-9ef7-87390609ce8f.jpg,unknown,unlabeled,2784a33f36aba71599f3126cd45f37d1,0,normal
../data/sans_label/aa11c48a-6e6e-4cdc-9159-a8b5d4f072c8.jpg,unknown,unlabeled,ace197ce491d343ebb6a88236d25d2fb,1,cancer
../data/sans_label/abbb32f3-2e41-40b7-9dcf-74cc277e422b.jpg,unknown,unlabeled,805f441e6693c9a8083f3abef3d599e2,1,cancer
../data/sans_label/abac2253-1a4b-403c-aaa9-1c94b1d5303b.jpg,unknown,unlabeled,d8e9b8048e0681b93face9b065e31037,1,cancer
../data/sans_label/ababc0c0-83f6-4a4a-93c6-ecc9600659f8.jpg,unknown,unlabeled,f8db3c8ccfef8c242a508707e6a43191,0,normal
../data/sans_label/ab397471-9613-408a-8b46-eddde6dcb5d5.jpg,unknown,unlabeled,534cde8bd9bd89a3ca711ae62fc5d4f7,1,cancer
../data/sans_label/ab11abb6-af74-41ad-a11a-e7fa6d7291ba.jpg,unknown,unlabeled,10e4721fc8c1d2c0f4ece75bd8815507,1,cancer
../data/sans_label/ab0e7755-33af-44b9-81bd-bc82b31aee1e.jpg,unknown,unlabeled,3cd8284c7e82b70ad4fa2f353c91ae80,0,normal
../data/sans_label/ab0cb281-58e7-401e-aff2-dcdc6dfe5d59.jpg,unknown,unlabeled,82b535331f10c7b2a018d9dda8f03278,1,cancer
../data/sans_label/aac0bd5e-11a8-44c3-8919-4908a7fe2dce.jpg,unknown,unlabeled,a883d3b2e8f701ac78a7f7da20cc6786,1,cancer
../data/sans_label/ac2dfb66-a006-4e9a-a0c9-3a126d7278c4.jpg,unknown,unlabeled,6ed35f45b9c1cf3d593c8266d724c0db,0,normal
../data/sans_label/aab772d0-24a3-4227-8c9b-384f29e2b522.jpg,unknown,unlabeled,3b00ed46452bd70430bc5682cc4dfe29,1,cancer
../data/sans_label/aa83f943-338c-4ec5-82dc-551a8edfd99c.jpg,unknown,unlabeled,ba3045f533bdb44e66ce67788f8903af,1,cancer
../data/sans_label/aa6adb98-0db9-490e-8c82-f8f1542ad0f3.jpg,unknown,unlabeled,ac5f4fea3e1c82204f19d7af02a8734a,1,cancer
../data/sans_label/aa6a9740-d0df-4132-bd1d-083f5d354ca9.jpg,unknown,unlabeled,eba29dd6236661b4b69247f5a5dde041,0,normal
../data/sans_label/aa5fc6b7-117f-4ee3-a003-5cf4fe092ae8.jpg,unknown,unlabeled,7cf68a57cc9d3c87789ff58b83845b2c,0,normal
../data/sans_label/aa461b31-5cc7-4dbf-9519-24197370f2b2.jpg,unknown,unlabeled,25b71c78d9e4d5c26eaf08263d4948df,0,normal
../data/sans_label/aa3c3d81-b7c5-4f1a-8c26-416bb1e98959.jpg,unknown,unlabeled,d3bedeb0161dfffd6c1fd3c15b0e9d20,1,cancer
../data/sans_label/aa3b5558-4655-4cc2-a6f1-b7a1183202ec.jpg,unknown,unlabeled,178b9f2af84c888cdc4e73eea4c35f8b,0,normal
../data/sans_label/aa237812-9888-464b-8331-cc9b67fc76d4.jpg,unknown,unlabeled,3463b8aa9ca0133d3b6ae5e13e5cb81a,1,cancer
../data/sans_label/aaa8904f-1fbf-41f8-8672-d3a0c0ae69ca.jpg,unknown,unlabeled,a1d32b41f9c464f3b0fc530dc3ccfa10,1,cancer
../data/sans_label/b239bae7-a577-4569-a922-20eff3a5c4f3.jpg,unknown,unlabeled,f13b220fc4199d19f2493de80d6b7d00,1,cancer
../data/sans_label/bbd58dd2-cbac-4bde-8237-53318d52c369.jpg,unknown,unlabeled,660e23ff7e0c20430ea403bf1fc356e7,0,normal
../data/sans_label/b2f8d9a9-ef82-4c08-a602-1a5fdc3ba173.jpg,unknown,unlabeled,6a789df2ba0b2f55146877e0fa3e50d1,1,cancer
../data/sans_label/be13c534-5a49-4a6f-abed-0ee6d43b8168.jpg,unknown,unlabeled,d97062219df143d01e8b3f584e42be79,1,cancer
../data/sans_label/bdb59569-ecb6-4ea4-8b48-7bbe75775ca4.jpg,unknown,unlabeled,602d40a832a74815e2bb73cb9397e7a7,0,normal
../data/sans_label/bd836b2d-0574-4551-b877-48dcb309d12b.jpg,unknown,unlabeled,1a9063885cebd74105d72cd1bcd221bd,1,cancer
../data/sans_label/bd823626-a1df-46de-9e4a-f93c6b12600d.jpg,unknown,unlabeled,fbb1276f44197017bd700fa0fd4b9330,1,cancer
../data/sans_label/bd43b263-5430-4c50-b685-afbed1f0a870.jpg,unknown,unlabeled,e84924db6bcce8e2b0d82c1bea8f7a56,0,normal
../data/sans_label/bd3cc2df-d45d-4fd3-bc29-f49191309646.jpg,unknown,unlabeled,77f879f3912240f3ef600d39977162c3,1,cancer
../data/sans_label/bd379318-b2ad-42c4-825b-88ab71c55e15.jpg,unknown,unlabeled,6e59e3b43c1e5d5309e539c1d577ed2a,1,cancer
../data/sans_label/bce45fb4-a4e3-46ad-bd02-a111ef092889.jpg,unknown,unlabeled,b81426bed97d40b7cb4b01ab91dcfdb8,0,normal
../data/sans_label/bc95a8de-6cba-4948-8a6b-0a0f42e570aa.jpg,unknown,unlabeled,a847baad266326fd1f9d3389722640b4,0,normal
../data/sans_label/bc64bb6f-65e9-4ad6-99e1-525c0052948b.jpg,unknown,unlabeled,56dd1a67bdd7e66845cef720a160506e,1,cancer
../data/sans_label/bc0d40fa-a3fa-441b-bc86-b54ce94e2d7a.jpg,unknown,unlabeled,146d71fbabba7b467a70019cc14b3c0a,0,normal
../data/sans_label/bbf13c98-7160-4557-8f5a-d00dfa44f1c1.jpg,unknown,unlabeled,60b894c4be137d50e9eb74568c9dc182,1,cancer
../data/sans_label/a526c83b-fb91-497a-aded-94e0c8f5a352.jpg,unknown,unlabeled,76fc5e2ad6aaabfe9c218cd9be2b298a,0,normal
../data/sans_label/bb813aae-eb3f-402f-87ef-4f788ccf542b.jpg,unknown,unlabeled,5f433c92e38644e1b2d5a7f09582a614,1,cancer
../data/sans_label/bb7be2dc-ad86-4c83-8350-c711317d5fb0.jpg,unknown,unlabeled,2d27617c86f89fc877f68d9ebd2afbae,1,cancer
../data/sans_label/bb2e08a6-de1e-4098-898d-09bc50cfb2d6.jpg,unknown,unlabeled,c62c2004c2e2b836d2f3210715ce462f,0,normal
../data/sans_label/baf0dbab-3f67-4785-bf3d-0005d2789079.jpg,unknown,unlabeled,8ed92b43b612c8d344eed76e256ee17b,1,cancer
../data/sans_label/be2b5d73-760e-4c64-a969-e6969fc1a77a.jpg,unknown,unlabeled,c6e2811be049319de50173507cc10da5,1,cancer
../data/sans_label/be331e19-085b-4197-95a8-8c148c815334.jpg,unknown,unlabeled,07f2fb45030beed3f14028e6907b465d,1,cancer
../data/sans_label/be37b806-f9a2-4949-a245-a2d6782f2e29.jpg,unknown,unlabeled,9c91229b727bec45b6ab6b2bef209c32,0,normal
../data/sans_label/be6b6d40-5b6f-4159-888d-4bdcf9b0ba5b.jpg,unknown,unlabeled,dd192f555eecec5b689e434cef470e96,1,cancer
../data/sans_label/c268e736-3706-4f9d-9da5-d5a089549c05.jpg,unknown,unlabeled,de7f4e3776ceae9035e24d55ef60cac2,0,normal
../data/sans_label/c1031cf0-6eb2-4413-ae12-cc281fb560c5.jpg,unknown,unlabeled,15d936bbc44d7611bce416233781493b,0,normal
../data/sans_label/c0c88360-0527-4dcd-9b20-fd18576a948a.jpg,unknown,unlabeled,00b6cffcfb7edd36934ea36560780797,1,cancer
../data/sans_label/c03777e7-cd5b-4678-b23c-c23bda2cb73d.jpg,unknown,unlabeled,8ec16635e059896ed76d04d242b54ea8,0,normal
../data/sans_label/c02c117f-b4b7-45ae-966d-f8f6de91ee23.jpg,unknown,unlabeled,a92efd28777c36891a1ac7475ff8daec,1,cancer
../data/sans_label/c02578ec-420e-49cb-b300-c648388a4b69.jpg,unknown,unlabeled,e798f4450371708501c9afcc9f451cfb,1,cancer
../data/sans_label/c00c6d8b-5710-4a18-ba46-6b38b6e760fe.jpg,unknown,unlabeled,83d61bb1a276ecb4c534b7a64c388db4,1,cancer
../data/sans_label/bfe2c7a0-03d8-4981-ae18-b7ee0130bc11.jpg,unknown,unlabeled,ba50d20d29964cb44cdaa253aeaab605,0,normal
../data/sans_label/ba976fd5-3416-4147-908c-1eb3c89a9712.jpg,unknown,unlabeled,941d3bc931bfa419122b82b7d2c87fdd,0,normal
../data/sans_label/bfbbb8e6-e856-4b37-a623-adc115a549d7.jpg,unknown,unlabeled,03910e384b67aaef3a9c6cdbc39e97d7,0,normal
../data/sans_label/bfa253c9-0a12-43aa-9239-1ac9912ff6b6.jpg,unknown,unlabeled,3a4099d118398cd78e9c6f85a7faba4a,1,cancer
../data/sans_label/bf866f83-f688-447d-96cc-541c2f402f47.jpg,unknown,unlabeled,1f2cd7f07d2699cd956c0c779a92e75f,1,cancer
../data/sans_label/bf057df5-c436-4d56-bae3-66f6e9fc071f.jpg,unknown,unlabeled,bc05f19feb9b55c9372f9ebbefd15a28,1,cancer
../data/sans_label/bef3673e-fe67-4c99-b706-8b9cd3b5e6c6.jpg,unknown,unlabeled,f012a24006ab0f0282bebe2cb0d2c458,1,cancer
../data/sans_label/beee84d9-4e44-430a-aaf0-4e54b2bed5e5.jpg,unknown,unlabeled,a44bb0e04f1a5d8c0f9617c15496d93f,0,normal
../data/sans_label/bed6e12c-2ea8-4b3e-a59e-cf36fe96e463.jpg,unknown,unlabeled,8189065c2aa4e97e9dd0ba85b2192c49,1,cancer
../data/sans_label/beab9b35-c1b2-4ad0-90f5-41c773f135ff.jpg,unknown,unlabeled,4ccd8ce4478f3058afb8a5cca1259960,0,normal
../data/sans_label/be754d13-4280-4fde-a6f1-cd8b899bd71a.jpg,unknown,unlabeled,e3a2835d3f6c88fbefdaca4d2f78afd5,0,normal
../data/sans_label/bfb57862-59ff-4192-9b27-cb09620612b4.jpg,unknown,unlabeled,5a97880ac18b11dab42e7f7c19aa528b,0,normal
../data/sans_label/b2eb2734-0e32-48c6-bad6-6f8fefd3d828.jpg,unknown,unlabeled,f3400a6369d7f615744dc64f6d86c763,1,cancer
../data/sans_label/ba6e94c8-06f0-4750-9ff8-d444eb24d50e.jpg,unknown,unlabeled,7e6e4aea5adf5f4068389b2d891f9ae2,1,cancer
../data/sans_label/b9faf187-8ece-46cc-bcfb-3f6177cf5c74.jpg,unknown,unlabeled,bb14a2c712fbaa497f13bdb112f65e16,0,normal
../data/sans_label/b6261bb8-2308-4f80-8535-0f42397c3231.jpg,unknown,unlabeled,7b47490077e783c9f365febaf4aa4eea,0,normal
../data/sans_label/b5e72ee8-c802-43d8-b9ec-8e42629a608e.jpg,unknown,unlabeled,c8a19e180bbbc6c7014a6eaee6b0f83d,0,normal
../data/sans_label/b5b311b5-9264-4d34-a9a5-8952ecf727cb.jpg,unknown,unlabeled,fb17bcdc91b20c1ac50cf54acb7c60a0,0,normal
../data/sans_label/b5a05df2-50ea-435b-8946-f4ba1bb1d9ac.jpg,unknown,unlabeled,721ba865955040421f65f748ecc2e375,0,normal
../data/sans_label/b4835ad6-9259-469a-8b1d-1db0ce85f438.jpg,unknown,unlabeled,4a8195a210191cba7f2be7318e8a61db,1,cancer
../data/sans_label/b46cabf0-ee01-4350-a395-b6f3f7965550.jpg,unknown,unlabeled,926bd483be0821183cb8c1a98e8b892e,0,normal
../data/sans_label/b43df22b-ca36-4759-bcab-607c2bb15700.jpg,unknown,unlabeled,ba588d3f0619f444c2df308a86d53ddd,1,cancer
../data/sans_label/b439fafb-e052-46ed-a016-7ff5d1807c21.jpg,unknown,unlabeled,4d6235b55cdce8a207cc01198eb29922,0,normal
../data/sans_label/b3db51cb-3433-4810-b386-623bf2b4a118.jpg,unknown,unlabeled,e046e2b7dfb81d8b504c0a6f15930fe6,1,cancer
../data/sans_label/b3d87e60-cc73-4d1f-93b3-dee5658080d2.jpg,unknown,unlabeled,5f4e874b95ab4157e241b85cffcc123b,0,normal
../data/sans_label/b3d19755-4df5-4a8a-9206-92f244ea82bc.jpg,unknown,unlabeled,fe822536fc06483aeea76f22e3709f50,0,normal
../data/sans_label/b3cc2a2a-c893-4007-8923-cf388e074e98.jpg,unknown,unlabeled,693218aae2d49183a68529fa0a9a68d2,0,normal
../data/sans_label/b37b548d-b64c-4121-8a2c-a774e4de52f3.jpg,unknown,unlabeled,2e7755e2e5b8d3c45ca5d1113ff9eb51,1,cancer
../data/sans_label/b378a02d-501a-4a6c-b7a8-db752f862f42.jpg,unknown,unlabeled,842a4b73f85ac19adf193ac2a558f260,0,normal
../data/sans_label/b34c74b8-90d1-415f-aef0-e6803e181fb8.jpg,unknown,unlabeled,15a297abc215eb2533019fe1c86b1d24,1,cancer
../data/sans_label/b3435209-7f0e-4c19-b14c-961dfedf7fa5.jpg,unknown,unlabeled,2e1975197b0d740d1c6f2e28ead0e56a,1,cancer
../data/sans_label/b3183347-7366-4e1f-b1ea-963ff647d59c.jpg,unknown,unlabeled,95ff5b5a0b6543b7a724b1f5d22603b3,1,cancer
../data/sans_label/b653d469-6c8e-4ff9-b584-f0bb3c6de2f7.jpg,unknown,unlabeled,800ef3976eb7950c1ce6d934673d0e1e,0,normal
../data/sans_label/b66e444a-e524-4b91-93b0-6ce5a3d91bea.jpg,unknown,unlabeled,a87bec35d88f0cbadf29a0b03700ba1a,1,cancer
../data/sans_label/b6a367ea-90ef-4608-8cc4-25d6480f2316.jpg,unknown,unlabeled,71cf940b8de519dcfb8d9bcc2d7b0327,0,normal
../data/sans_label/b6bc5e43-545c-4ad1-999a-fd8134cd462f.jpg,unknown,unlabeled,d3af767935fc181fae0941a42a3dc4fb,1,cancer
../data/sans_label/b9c3a1cf-596c-48f5-93a2-6b3df977067d.jpg,unknown,unlabeled,9dd1138de87e11e2048cd6bb294a88c4,0,normal
../data/sans_label/b9a10b26-a2f4-409c-86af-7a8e32034822.jpg,unknown,unlabeled,79b635cc01ad915ba4270bebd7dc6f1b,0,normal
../data/sans_label/b9929535-b604-4eab-9d1b-aa8fd00a5199.jpg,unknown,unlabeled,1bd881e28435f0a6071ec84f788e5896,0,normal
../data/sans_label/b96121d1-be2e-41ab-a5d1-807f1f07d643.jpg,unknown,unlabeled,65bbc31da2e96cc9a13545d528c85267,1,cancer
../data/sans_label/b8ef73d1-99ce-47f3-a6af-fc2ccb6f3516.jpg,unknown,unlabeled,24bfe68abbe95af77f69b6633af84306,1,cancer
../data/sans_label/b8de1e90-8be7-439c-8e7e-4e674309eff0.jpg,unknown,unlabeled,b83553a98a3862f1b55f79dfa4081d8d,0,normal
../data/sans_label/b8c59bed-8b98-4e04-b7c8-d7a7a7dde6ce.jpg,unknown,unlabeled,ffaa6f280b8713ad896b0cae1234c3be,1,cancer
../data/sans_label/b8b5d78a-1554-4094-bbdb-437564558675.jpg,unknown,unlabeled,bb3b7cd1b1de6c4889ed5fc13b8ccde4,0,normal
../data/sans_label/ba2a0d7c-955d-41ac-9cbd-6efb63d5bbc3.jpg,unknown,unlabeled,b0f352b420611c172a98a551246a4e07,1,cancer
../data/sans_label/b89c1d66-644d-40c5-ab60-963dae9f4721.jpg,unknown,unlabeled,1af0403afc2ec9bc12f4f909e34073d5,1,cancer
../data/sans_label/b86b9957-2c27-46b3-a81d-67a7d0dca889.jpg,unknown,unlabeled,81267622f47bafc835f8667d499b1937,0,normal
../data/sans_label/b84b03dd-e7ef-4279-b16e-8d15ed3dcf8d.jpg,unknown,unlabeled,660b919632bae7a4ae52abfd82695ebb,0,normal
../data/sans_label/b81d8697-0c53-4884-ae67-451f03c49cf3.jpg,unknown,unlabeled,63b9815f1ef0f7374b3ec8bef6518ea1,1,cancer
../data/sans_label/b7dfdd1a-0fde-4fb6-a164-cd3ffde2c76c.jpg,unknown,unlabeled,a3883cdef6eedc640dd0c03751b73720,1,cancer
../data/sans_label/b7b2c1fd-bf77-48d2-8945-22ede0c2e7f0.jpg,unknown,unlabeled,a350100047d5befbda844c9055abbe66,1,cancer
../data/sans_label/b791695b-ae90-4bf2-a21f-49f50473d757.jpg,unknown,unlabeled,d695f7976bd0fc80b6ed2541f4cdfcd1,1,cancer
../data/sans_label/b76bc357-ef11-4969-aff5-08d164bd3e72.jpg,unknown,unlabeled,4e566ac82a2615e0c7db5d346f6e1cd3,1,cancer
../data/sans_label/b6f5d34f-6564-4515-a8bd-454cb427d89b.jpg,unknown,unlabeled,e7e12735a4272c6b85c2ede2aa8eea5f,1,cancer
../data/sans_label/b88a3666-f80f-4dc9-9857-dd86a147610d.jpg,unknown,unlabeled,a7d03150f0861fd58eb83478c1b80bd1,1,cancer
../data/sans_label/a51d702b-501d-4cbb-823d-11ece157fe4f.jpg,unknown,unlabeled,db17176dade907bdf5c4e179d4543d56,0,normal
../data/sans_label/99e3bd44-d147-4043-9e32-8f11baac22d2.jpg,unknown,unlabeled,2184f05e31c358bed6c2def7e4875731,1,cancer
../data/sans_label/a5061d81-4ac1-45f2-a3cf-f4450339a17f.jpg,unknown,unlabeled,44320d3bce5e1c7a3e807dbb9d5b6531,0,normal
../data/sans_label/8ceee2ff-68af-493a-b3cc-d92c0f718a93.jpg,unknown,unlabeled,f8cb943d63f5cf3be5eef3be25ecbf8d,0,normal
../data/sans_label/8cd4ed59-139f-4290-8455-05132107b115.jpg,unknown,unlabeled,eb8c8ab0ff9204bad0c56d3d47496cea,0,normal
../data/sans_label/8c98d557-62be-463f-87c0-d8b87802cd01.jpg,unknown,unlabeled,15d02a192e3b5fa3d1c0197d09b6cf7d,1,cancer
../data/sans_label/8c4761d3-28d0-483c-8d75-7e4facf21fbb.jpg,unknown,unlabeled,fd1a11de355daf2a58e354c266053e35,0,normal
../data/sans_label/8c3b108d-9340-4274-b434-9c5346580098.jpg,unknown,unlabeled,d8ad5db80e104138b07670b652004935,0,normal
../data/sans_label/8c26875f-0282-44f9-9cc0-b8a7a9679098.jpg,unknown,unlabeled,3150d0381d12a110bca7f811a24282ee,0,normal
../data/sans_label/8bfd3282-7260-46c9-8e01-864fa9cde88f.jpg,unknown,unlabeled,c5d7f5776c008cf619155b8fbc521924,1,cancer
../data/sans_label/8bcb5cdf-2ef4-4b5a-8db2-4c9d3f851d41.jpg,unknown,unlabeled,8f4e1d4d6b41b7665e2d80a50cfb76e6,1,cancer
../data/sans_label/8b9372c0-1cc2-4d55-b4cd-53cc82184050.jpg,unknown,unlabeled,7ea5e33408ac5424f5676475328aacdb,1,cancer
../data/sans_label/8b53b691-5bff-4dc5-8257-1116fac1509a.jpg,unknown,unlabeled,58de29b67298d8c9c1925d1e35d286f5,0,normal
../data/sans_label/8b4824e5-7560-4c8d-80d0-75c393002311.jpg,unknown,unlabeled,be044241e106d9318cf3da1e198f74c5,1,cancer
../data/sans_label/8b41163a-f3c8-41da-a113-bdef549a0ce0.jpg,unknown,unlabeled,516c7fdeaf242c9f8052af4a9da2e2ad,1,cancer
../data/sans_label/8b3d8a6a-0421-4824-ae1e-1f1d407fa5bc.jpg,unknown,unlabeled,2ae6d19d33cae1ba0601a90157af7d14,0,normal
../data/sans_label/8b22e623-fe9a-48de-a8a9-326baf91af63.jpg,unknown,unlabeled,7df6fedeeb1f764393f7164b4b8aeab8,0,normal
../data/sans_label/8b1acb43-eab8-4657-966c-d34aeecae4af.jpg,unknown,unlabeled,aa78ceb6ec67949a0721d3af6c74bfc1,1,cancer
../data/sans_label/8aff78cb-bf70-4b9a-85cd-4b1036ba22cc.jpg,unknown,unlabeled,6a91dc396cdf92de0b8f49068087bf29,1,cancer
../data/sans_label/8adca915-7158-4d8e-8263-8d9cda2a5668.jpg,unknown,unlabeled,9ec8f2acd6039954945e09fca29f88a1,0,normal
../data/sans_label/8d10d414-a4aa-49df-ba2a-8f29cad2c785.jpg,unknown,unlabeled,30198ed5dcf75459464b81779911f556,1,cancer
../data/sans_label/8d29f6c5-5f88-441c-b998-f844a8dc040d.jpg,unknown,unlabeled,4d20a14ec9dcc19d36b75c57c6220300,1,cancer
../data/sans_label/8d4ed6ef-64c7-40df-b895-4186381f4c2b.jpg,unknown,unlabeled,71d8a94889e693676f9acaa3c57c119c,1,cancer
../data/sans_label/8d64b9fd-9f65-4814-aa6e-e94a7c47550b.jpg,unknown,unlabeled,302cbf37e17d9c497bd33b06017bc639,0,normal
../data/sans_label/9213e2ef-453f-48ae-a303-758617e5d021.jpg,unknown,unlabeled,9b24e9d3bb7e8e1143af9e5bbcef7d13,1,cancer
../data/sans_label/92100fd8-bdbd-49a3-bf65-3f66201a4f35.jpg,unknown,unlabeled,359656c827b76bbef244ab5e4dbf220e,0,normal
../data/sans_label/920dfb02-bc48-41fd-8b13-cca63c4f7f89.jpg,unknown,unlabeled,4943ae03412158694ee4d6e307635b29,1,cancer
../data/sans_label/917a401f-4cd8-4214-9bc2-f9be773eb91e.jpg,unknown,unlabeled,99ffb2c62ed279f41b30caf47391b338,1,cancer
../data/sans_label/914a70d9-40db-41d8-ab37-0532ceeee264.jpg,unknown,unlabeled,cdd7a93f7856185905117575d7d1884f,1,cancer
../data/sans_label/9122ff1e-376e-4ea1-a334-7874c4697b8e.jpg,unknown,unlabeled,049b42dc44506d4f25024256b5094e61,1,cancer
../data/sans_label/8f8c56f6-cedd-4112-b2bc-d9e1709500f9.jpg,unknown,unlabeled,5d5be89090d09bbe3dce6a801ae54f79,1,cancer
../data/sans_label/8ad33b63-716b-44fd-b0d4-6024718a408f.jpg,unknown,unlabeled,7387cff96975515f1582a7322e64ad44,0,normal
../data/sans_label/8f3552d6-9507-4303-aaf2-9e296c0232b1.jpg,unknown,unlabeled,b305ce95a9fa41124fea172bef804482,1,cancer
../data/sans_label/8e80545b-1752-43fd-83dc-e5896bbc5879.jpg,unknown,unlabeled,3c3c7c2209542e26d77afb1e90aa6dba,1,cancer
../data/sans_label/8e7656e8-ba42-47b2-84b7-99f4cd7c25a6.jpg,unknown,unlabeled,39acf7aa3f68b05723ae2b3917c4b075,1,cancer
../data/sans_label/8e4d9f11-5d50-4942-98f8-50458fd0974c.jpg,unknown,unlabeled,f08504da0a3d02fcd12316bcbd68a859,0,normal
../data/sans_label/8e403e4c-9a8d-4dc8-8892-f692aec2e765.jpg,unknown,unlabeled,fb4c2e1935f32e95cd8d68f725e96636,1,cancer
../data/sans_label/8e081513-46fe-441d-b4a0-54d770656a08.jpg,unknown,unlabeled,776d58102e7e3cb23759456da6216093,1,cancer
../data/sans_label/8d91658e-94c3-441d-a344-4b8be9885e74.jpg,unknown,unlabeled,82402ce7cf9d13eaa2e88d3a7265ae13,1,cancer
../data/sans_label/8d7764f5-9631-4678-a5fb-88281fe1aa45.jpg,unknown,unlabeled,5bb3973bd238f24d368d3088b4f06ddc,1,cancer
../data/sans_label/8d700c36-24aa-4b10-9f65-c988ad4cb3ab.jpg,unknown,unlabeled,b190fe93601712434564392093599583,0,normal
../data/sans_label/8f20b4bd-abce-44a7-914e-d0c4e22a09d9.jpg,unknown,unlabeled,854e62859b6a0c822e06acdc14150c41,1,cancer
../data/sans_label/921c9dea-28b4-48b6-bc28-111bc8d97291.jpg,unknown,unlabeled,98ccf58a344c00438f4150b304c87a5e,1,cancer
../data/sans_label/8a856625-e977-47a7-bcb8-c6a5cf409c26.jpg,unknown,unlabeled,aa3000905f5809ce51addfb6cd04523e,1,cancer
../data/sans_label/8995da3a-8071-4b32-afa8-d71de7ff697e.jpg,unknown,unlabeled,22c757904278b41973080f117caac858,1,cancer
../data/sans_label/84f0c6e3-ecc5-455b-843c-00145df2fe4d.jpg,unknown,unlabeled,cecf82481e2fa379bc5d890166685ca7,1,cancer
../data/sans_label/84edcdd6-224b-409c-a4f2-57754d14c097.jpg,unknown,unlabeled,c10ab3c774bc6c0d0fb21dbfd12f046a,0,normal
../data/sans_label/84e695d7-b3b6-4478-950b-8adb3128b4fb.jpg,unknown,unlabeled,02d74eabd0d28e095afdff60825918be,0,normal
../data/sans_label/8495307e-e6a0-491e-a810-cca61958f4b2.jpg,unknown,unlabeled,05041570a1f768b61830f8722f540f07,0,normal
../data/sans_label/844735a2-b873-4bc8-b0c6-2022dd4517b5.jpg,unknown,unlabeled,df9adb9a93fdc2529e20560c131cd011,0,normal
../data/sans_label/8411efde-077b-4888-9017-55a3c1848399.jpg,unknown,unlabeled,dfda2ce3eccbbf02ec80b15722b03714,1,cancer
../data/sans_label/8411d424-f38c-497c-aeab-30213125a487.jpg,unknown,unlabeled,b22bce4fae6e0f1e30e3728132ad83d0,0,normal
../data/sans_label/8402b146-e427-4bba-9459-30d128dafd92.jpg,unknown,unlabeled,578fbe674bf6a198b5902ae423ceba33,1,cancer
../data/sans_label/82cac4d5-364b-45a3-b718-b605fe25a9a9.jpg,unknown,unlabeled,ce23b68b34de61358e5f55a49e614f50,0,normal
../data/sans_label/82903e03-950e-4a82-acde-768e5604b1d2.jpg,unknown,unlabeled,ab9cff6591d847d7fb035c7cfadb3e79,0,normal
../data/sans_label/827650e1-dd86-4dc9-a3e0-1483686c5c4d.jpg,unknown,unlabeled,8420124913ff64a2e977c4f90d2a7fad,1,cancer
../data/sans_label/824b1cb2-f810-4bf3-97cc-6a6da787a38d.jpg,unknown,unlabeled,c370107bb38c7647786b80f81be65304,1,cancer
../data/sans_label/817e929b-25d8-43d4-9cf0-67cea0353238.jpg,unknown,unlabeled,4884b0c27f3394d2130177fbe9d70632,1,cancer
../data/sans_label/8171df9c-3845-4112-892f-c6fb1961dd00.jpg,unknown,unlabeled,da973a4bfd13f20018c006f6aa35001e,1,cancer
../data/sans_label/8162c9e5-bae6-4c9c-8091-2e78b1d15cbf.jpg,unknown,unlabeled,e50c46d15883c0d05e43d1611f88db1e,0,normal
../data/sans_label/814776f9-97b6-4fd4-811e-d3bc41916bc0.jpg,unknown,unlabeled,eb230ee9bf37858bcd0ee1af715b8f8c,1,cancer
../data/sans_label/81340784-52dc-4672-80aa-d3a2e01d1023.jpg,unknown,unlabeled,b64450507e51337c0b84315f05f2755d,0,normal
../data/sans_label/851ba783-ca6e-434f-a0d7-6bf1511f4658.jpg,unknown,unlabeled,025c6fac9bcf10a72ad4eb008112733b,1,cancer
../data/sans_label/85d9cafc-64f4-4588-8300-7ddfc00e90fd.jpg,unknown,unlabeled,5c72bb59b50fee96e0d94aa4b81b2219,0,normal
../data/sans_label/85dda3ec-bac0-4bb0-bdb6-2fb214fc8f2e.jpg,unknown,unlabeled,81213ad115ca571b79e9f4c1e1e7de75,1,cancer
../data/sans_label/85dfd9a7-ddb3-49a2-8090-954da201df89.jpg,unknown,unlabeled,aeb70cd909f81a4a7524d81837ad0aa4,1,cancer
../data/sans_label/898c7fe5-19a1-4f37-9f4c-d5dd3edd1c84.jpg,unknown,unlabeled,4e0c79cdae12a60bc3848d2f100c3605,0,normal
../data/sans_label/895361c0-ffa8-4152-b0d0-53935ac35a88.jpg,unknown,unlabeled,6e6179a2d51a58741bf5af92212d0028,0,normal
../data/sans_label/89503f10-1f72-4fec-8769-2347375e9b36.jpg,unknown,unlabeled,6b80dbebd080ce35767fb56e4eedaf68,1,cancer
../data/sans_label/88d5e066-3735-4d6d-b729-de99cd014914.jpg,unknown,unlabeled,d0369799768897be3cb838749cac6010,1,cancer
../data/sans_label/889363d2-fac2-4e56-b66f-effdfa47ed0c.jpg,unknown,unlabeled,98a4280cbb4f64d0465b28b29dc306bd,1,cancer
../data/sans_label/8885fcc6-68de-4743-985c-8cc88d02a579.jpg,unknown,unlabeled,1d3426dba09466a3efd7404ebb6af507,0,normal
../data/sans_label/8a3db00b-8e54-41d5-8e58-d4c709f586bf.jpg,unknown,unlabeled,02f69b4fb681e8d38bfee395a1d4011d,1,cancer
../data/sans_label/87f7365b-7192-4eac-bd2e-37068ee8cdb7.jpg,unknown,unlabeled,8cfc147843261faca8a18344deb3dcaa,1,cancer
../data/sans_label/87c90874-56bc-4562-8db9-19ee7d354fe3.jpg,unknown,unlabeled,05f2bb8c413bed213cc373767f80508f,1,cancer
../data/sans_label/871454cc-5072-4369-919c-76ccebbe196b.jpg,unknown,unlabeled,98e62526183ea4a8ad9cfeff540bc640,1,cancer
../data/sans_label/8694ce78-284d-4e82-8c9e-9f90d1efd760.jpg,unknown,unlabeled,4c620ff42b8047da9c5f767e6e9d83a3,0,normal
../data/sans_label/864095dd-21ec-49e6-8d1b-63a01e980a4e.jpg,unknown,unlabeled,416d50a91e014787c03b3beed47644ac,1,cancer
../data/sans_label/8632a815-073d-4a94-a604-db098ad44b37.jpg,unknown,unlabeled,d4b6c169d318309f37ba43a546846a78,1,cancer
../data/sans_label/8622e150-72a8-4cf9-873c-290335a248af.jpg,unknown,unlabeled,334166fa6a445c7cd88be6596828b70c,0,normal
../data/sans_label/8611541f-1c31-4d41-94b6-ad0d209ff402.jpg,unknown,unlabeled,ea90039803973c466aff28ced754a4c1,1,cancer
../data/sans_label/85fc3030-a496-4b23-883c-421778bb8905.jpg,unknown,unlabeled,b908f909adeba7219566420185c28582,1,cancer
../data/sans_label/87caab74-b3e2-422b-af3a-0b253c9966c2.jpg,unknown,unlabeled,0d6f11b7a95c477e177ceacb44867bce,0,normal
../data/sans_label/a506ca92-55af-4bb7-a08e-0680c32a0204.jpg,unknown,unlabeled,e90ce8876d249c386616ac45b4c97f7d,0,normal
../data/sans_label/9238593a-ba0b-440f-b966-682605fe76ac.jpg,unknown,unlabeled,24b123f3c9f1abf03d2d955dd7182ef9,1,cancer
../data/sans_label/92866c8b-e1fa-4194-b7a7-b8f413812dfd.jpg,unknown,unlabeled,b29bb7390b49acf18ec1306cbd0e75d0,1,cancer
../data/sans_label/a09d7bd5-2c8f-4138-80c0-de1a7f2cd360.jpg,unknown,unlabeled,8b4f36471b397de10f18b12a2b5e8678,1,cancer
../data/sans_label/a0982775-75fb-4f4a-b955-530a0d59ad61.jpg,unknown,unlabeled,a06131480079529f5fe4c8228c3eaf18,0,normal
../data/sans_label/a0527877-e057-4aad-b285-3c19c94a3534.jpg,unknown,unlabeled,3492701d2a7964bc42012c9ce4ffbf17,1,cancer
../data/sans_label/a04979a3-848c-4019-9fac-dd294519b75d.jpg,unknown,unlabeled,942f3571d396c010a3df9f66a1acccab,1,cancer
../data/sans_label/9f9bbaed-8a26-422e-b8d2-e94a18295dcb.jpg,unknown,unlabeled,4bc183c173e9cab7d93eca7b55ad5309,1,cancer
../data/sans_label/9f94cc07-eb10-48d4-aebe-c88327765a74.jpg,unknown,unlabeled,b985091648e4137b16027b096231de1d,0,normal
../data/sans_label/9f4332e0-5d98-4ce4-8ce5-c713eacc0081.jpg,unknown,unlabeled,7b907316913a758d1903b39af296b1bc,1,cancer
../data/sans_label/9efacc2b-7386-4c99-a3fb-22082c0b91bd.jpg,unknown,unlabeled,667f199fefea1791933b7fcdfd696247,1,cancer
../data/sans_label/9ef2b84b-cee8-4b4d-9431-ad40d062cb47.jpg,unknown,unlabeled,fe55e996d52399142f97327c047621e5,1,cancer
../data/sans_label/9ebd9970-4cda-4cb9-8f08-b234eba80e5a.jpg,unknown,unlabeled,54935317c0fdeec5e87079437c535998,1,cancer
../data/sans_label/9e990790-ab7d-449a-ac2d-8419f925614e.jpg,unknown,unlabeled,f2adc67926200434ed9467df1f74c8f8,0,normal
../data/sans_label/9e6efb0c-a87a-4c26-bcc0-263957bee67b.jpg,unknown,unlabeled,cb62c605b407eac4231f7eac19f42d2a,0,normal
../data/sans_label/9e3c9103-8fa7-4fa6-b253-30babf2718fc.jpg,unknown,unlabeled,464f554b11085764853a57e2164f5cc3,0,normal
../data/sans_label/9e156348-a54a-47bc-8da0-c7f8ab8dc6db.jpg,unknown,unlabeled,b06a08b9a92e169d3758d32287ad4338,1,cancer
../data/sans_label/9d438e7a-cc56-4688-995a-9af082b8ee1f.jpg,unknown,unlabeled,f2e4e9bffcb34b0031a521c1ee7edcb4,0,normal
../data/sans_label/9d34d3c6-d14d-4c5d-b2dd-6798af15e3a1.jpg,unknown,unlabeled,f4b48ef2f38b456fe8aa28761f70993d,0,normal
../data/sans_label/9c72c314-9e62-4249-b57c-e9037ffd1dae.jpg,unknown,unlabeled,9bbee2781245e6fa21acaa27077e94b2,1,cancer
../data/sans_label/a152b48e-a831-4ff4-8868-3d870eba4a7f.jpg,unknown,unlabeled,d4272507eb73bd6127bac8ad2c3d1057,0,normal
../data/sans_label/a170a945-4b1c-40eb-aae4-59d20c8a1b22.jpg,unknown,unlabeled,97660cb7ab7cb79c2725f882a2c775eb,1,cancer
../data/sans_label/a1841a10-a43f-45b8-8f43-4acc3d2f1f4e.jpg,unknown,unlabeled,f262791db0e66588a4b4d3f7c8f4b12f,0,normal
../data/sans_label/a213ec08-5323-4cac-b2f7-7a8cd7dad21e.jpg,unknown,unlabeled,d06b65ec19a7f8351376d9b11395212b,1,cancer
../data/sans_label/a4db8e48-b4c2-4c58-b51d-c4c9f27db258.jpg,unknown,unlabeled,0bdeb0ca026297e30b8ff3eb8f657c93,1,cancer
../data/sans_label/a49abbe4-ae77-4c42-b77d-3a09ddc78f06.jpg,unknown,unlabeled,e75e4f191e62db08cbf3e1b5776fc37a,1,cancer
../data/sans_label/a486acab-bb88-45d9-bba8-632008060dc2.jpg,unknown,unlabeled,36c8aebe87e9fb6f189a157ab6e5cc93,1,cancer
../data/sans_label/a441670c-ed19-4b1c-b482-7c925983dfbf.jpg,unknown,unlabeled,5c3b5ea8097a1cde0828344e3ea60f3d,1,cancer
../data/sans_label/a440576d-e956-4701-934a-b3cf8dc4321d.jpg,unknown,unlabeled,d267e69e3f8b7b6e85be10a345c0cbac,1,cancer
../data/sans_label/a4246a3d-368d-44da-8518-cf2d87dc8c59.jpg,unknown,unlabeled,3cd540df696a0236e706e96a8cee07f0,1,cancer
../data/sans_label/a3f72a5f-00ea-4e2c-9ca8-4a67db544f50.jpg,unknown,unlabeled,c35569e0438630e9f30446f3f7c5b014,1,cancer
../data/sans_label/a3e38644-10d6-43b0-bac5-1847580bc89d.jpg,unknown,unlabeled,15686c56727840ce2df5b3b7a70693a2,0,normal
../data/sans_label/9c36dc3a-874d-4f12-957a-c5733f3ff4da.jpg,unknown,unlabeled,24ea3beed1aa88e9b48bcf678531895d,0,normal
../data/sans_label/a3c09133-febe-4e86-9436-2b892f3a0387.jpg,unknown,unlabeled,f938e566b82af024725f4dfdd795debb,1,cancer
../data/sans_label/a3625935-0405-40a2-b406-1c412fffc7f3.jpg,unknown,unlabeled,dcc4d988372f99222fe9930a59dca3c4,0,normal
../data/sans_label/a3337a5a-2572-42d5-b94d-737da22ff3a9.jpg,unknown,unlabeled,eab4ae291861cadb4c9dfc199ab09e13,1,cancer
../data/sans_label/a32947a4-5d48-47b3-ac14-29dc8810e9c0.jpg,unknown,unlabeled,2985f63236aba5b798d10e0175f9a244,0,normal
../data/sans_label/a2e9256e-b213-43b2-a4b2-846c181ab7ae.jpg,unknown,unlabeled,79a8ebd2d825ead1f5696e0917ef29e0,1,cancer
../data/sans_label/a2662c2f-32e2-490d-aece-f0aab3577c95.jpg,unknown,unlabeled,7a8522975e617f7650c625c62c1d3dd9,0,normal
../data/sans_label/a255736e-214b-4b79-8de1-b41896126278.jpg,unknown,unlabeled,2ccd68f7235706442d72f61037bacba4,0,normal
../data/sans_label/a24e6a4f-5dca-498f-9329-1e6cfe84b131.jpg,unknown,unlabeled,b6572ce9a9118552ac26313fe4f8611b,0,normal
../data/sans_label/a249a282-e855-44d5-8759-476934b332fb.jpg,unknown,unlabeled,523113a110b6002f87921fdf2ed5a88c,1,cancer
../data/sans_label/a399a471-fd58-48b0-82a3-5eed99068570.jpg,unknown,unlabeled,87ef5700b29c0eaab02e33669a66bd10,0,normal
../data/sans_label/927db685-b584-4440-b776-5be4edc3ce47.jpg,unknown,unlabeled,787e602a938690702476b887951ba281,0,normal
../data/sans_label/9c1914bd-03b4-4fe9-984b-590ee2ba0142.jpg,unknown,unlabeled,1f20e9159014d9eaa04b8aee14a3372f,1,cancer
../data/sans_label/9b2736c3-5b1b-45fd-ba9b-b1b64228e999.jpg,unknown,unlabeled,e612cf796dea4a29a23cf68178fd41a3,0,normal
../data/sans_label/9606cc4f-607d-439a-a18b-54dce8763b99.jpg,unknown,unlabeled,b970b93931287a10e894baa8fd0e568b,1,cancer
../data/sans_label/95f9cab6-25fa-4b75-a824-d41b9e13bd61.jpg,unknown,unlabeled,17bad608adfa2cce4aedc13443dbec3b,1,cancer
../data/sans_label/95be2f40-afeb-4e3a-96e0-81951a7f3a14.jpg,unknown,unlabeled,c3709e7b7e84eee91172cf21490b01c2,1,cancer
../data/sans_label/95ac01c6-796a-4d8b-aef7-ffd7183d08da.jpg,unknown,unlabeled,f3c24b4e5bf35c89a03949257dee2514,1,cancer
../data/sans_label/95336f5d-d39b-46cd-8b16-b58b43518c1c.jpg,unknown,unlabeled,97012c2c96ede1d58d1838a803602f2c,1,cancer
../data/sans_label/9529bbba-150f-43eb-b28a-e80894439090.jpg,unknown,unlabeled,2baf9eab032b9e9b3660d40c28d2b6f1,0,normal
../data/sans_label/95055fe4-5c47-4591-85ff-422cdbd3ff0c.jpg,unknown,unlabeled,d097643cd8dc5163f1cd6a450f84d272,1,cancer
../data/sans_label/94eb9a94-40b4-45e8-9c4b-068cd7e2f439.jpg,unknown,unlabeled,1411e18f2dd231309b4ccd69fec26b73,1,cancer
../data/sans_label/94cbb531-4b6f-4cda-bb7b-a17158079092.jpg,unknown,unlabeled,4746c9b683a8ec6398c04dffd1d4022d,1,cancer
../data/sans_label/94585a90-5f11-47ea-9561-450208426722.jpg,unknown,unlabeled,26f96763138c26491f7bfa76ee72e740,0,normal
../data/sans_label/9409c6ad-3afd-430d-94f3-0e7573485291.jpg,unknown,unlabeled,ebe665f2b3c233713ea7a48777c35569,1,cancer
../data/sans_label/9382e987-3df2-465a-8486-e696e4eeabfe.jpg,unknown,unlabeled,8c317244a33632dda4659609f3ffa31d,0,normal
../data/sans_label/93690fc9-48b6-41c3-a2bd-949b50649ec2.jpg,unknown,unlabeled,7d9295b1d360207f77e8f47cf9371fa2,1,cancer
../data/sans_label/931694a6-44e0-4a93-97c1-7f3d00e7e3c9.jpg,unknown,unlabeled,c12635498ff55f380fbe311b26df4c15,0,normal
../data/sans_label/92fd91db-086c-4edd-b347-7e7f2a0b9504.jpg,unknown,unlabeled,cc459212e1751891fafd5f5a8803952f,1,cancer
../data/sans_label/92f7087b-c5ca-46f8-9f12-72ae7b6a438c.jpg,unknown,unlabeled,3a9849e6828899befa1db0ed7ddac91e,1,cancer
../data/sans_label/961b009d-5d96-4e49-8e0a-f31014c0aedb.jpg,unknown,unlabeled,e59a1799d78e041cc98eb77c373dbc4e,1,cancer
../data/sans_label/9697898c-3c42-4dab-8916-faff2037a2dc.jpg,unknown,unlabeled,954cb4f74d7dfaecc38d02a4dd4d333a,1,cancer
../data/sans_label/96cbfc60-f9bc-46ca-846d-520ff6478db4.jpg,unknown,unlabeled,64622674a568513acad504018a822282,1,cancer
../data/sans_label/96dbf0e7-2219-4a39-b4f0-c6b8eab1f833.jpg,unknown,unlabeled,cce948dc5ac57cc45a2c44733cd283f5,0,normal
../data/sans_label/9b04b6c2-79c4-4837-9199-8b4104224743.jpg,unknown,unlabeled,0b5f206eb60d4e84fdedac47ab03665d,0,normal
../data/sans_label/9af38262-36c2-4165-9e5b-bb44e762db16.jpg,unknown,unlabeled,fa071fe40eb71eba67ef8b0ad7ed1a54,1,cancer
../data/sans_label/9a5228be-dc9f-4d66-94df-38681337375a.jpg,unknown,unlabeled,8755fb480677eac9a5b9c735852b9fd8,0,normal
../data/sans_label/9a09fff4-8e8d-46b2-b16c-2911e8677701.jpg,unknown,unlabeled,756febf84bca58cc6b7d099b5ac5cfed,1,cancer
../data/sans_label/c26a9f25-f9a6-49d3-b090-cb5b04287bc0.jpg,unknown,unlabeled,04a57ad6b1ad50bc8acdaef6adfcb4f8,0,normal
../data/sans_label/99d4192d-8f01-4d1c-8447-1e848d1322c0.jpg,unknown,unlabeled,8bbe1da2d9b151b4e551dc70958ed027,1,cancer
../data/sans_label/99a4b384-9f8f-4123-8d6d-714264efe63c.jpg,unknown,unlabeled,6a39b6a18bb6cbf72b251ea08ce7e16e,1,cancer
../data/sans_label/9972400e-6729-4cd8-8974-f2b95d78ba9f.jpg,unknown,unlabeled,8795d3c2c1a2aabbb559c75c846f4549,1,cancer
../data/sans_label/9b2f0d98-5b77-479e-af28-fc3db7350bab.jpg,unknown,unlabeled,c097ee5a26b0b6e744e5967e58af078a,1,cancer
../data/sans_label/995e501d-00d3-4117-878f-457172204953.jpg,unknown,unlabeled,2b3e9045daed88d9893e17561ec93261,1,cancer
../data/sans_label/992ac932-5fd5-46bd-8587-9f8ce8004765.jpg,unknown,unlabeled,ffcebbaf637200bf6315bbdd3f70b001,1,cancer
../data/sans_label/9910a342-b82a-40e3-af17-13e22971b18f.jpg,unknown,unlabeled,2edab9d1eb87e811edc6ac3dc06e0826,0,normal
../data/sans_label/98d7592f-4da2-4888-97a9-34e488a387af.jpg,unknown,unlabeled,260fa37a5d5f9bca4224eb9cf76f031e,1,cancer
../data/sans_label/98a27014-e5ce-4fee-a65f-1b24a24a803e.jpg,unknown,unlabeled,4a84166f0498cc2e25ee596e4855e3ff,1,cancer
../data/sans_label/98928722-3d12-4a82-a5d9-16c6b6b65eb3.jpg,unknown,unlabeled,0e386d76d8a2d3b6b5177b7ba043a345,1,cancer
../data/sans_label/978715e7-db82-4910-a952-40498744ae1e.jpg,unknown,unlabeled,2a68555e422ee14a38cd7e48a08fa82a,0,normal
../data/sans_label/977aebd7-dd30-49b0-9a22-51a3dcaf0cb1.jpg,unknown,unlabeled,6a002c2ae058c6d3fdde22849ad2c5c4,1,cancer
../data/sans_label/974065d8-2b2e-40f2-ad74-be186b798088.jpg,unknown,unlabeled,f3ebef24ea6eb6f04800b51be3543c2d,0,normal
../data/sans_label/995b70f4-c2b6-4aad-a523-e45d83636997.jpg,unknown,unlabeled,3f6c345805cc0530cf6c919deaea3cb5,1,cancer
../data/sans_label/c2a80dba-936c-4924-9f26-6de0e9aa082f.jpg,unknown,unlabeled,584089d541bfbd7a411db8dc9e4287aa,0,normal
../data/sans_label/cb79220e-bebb-4328-87e5-917ca51607ed.jpg,unknown,unlabeled,ee2948a7ab61e1d37bb4a5cb9f9d4298,1,cancer
../data/sans_label/c2dc7b24-dcc4-46da-a400-8f5f733a2bb9.jpg,unknown,unlabeled,ed00ce5c428ef5b0b3d53a71ff0bc4c8,1,cancer
../data/sans_label/ed88b81e-bd84-4048-a38a-a59259f51dc2.jpg,unknown,unlabeled,c94accb5b2a282f4f0cca7e0ded1757f,0,normal
../data/sans_label/ed88b3db-1d6c-44c5-9e08-30c4a040910c.jpg,unknown,unlabeled,fd3a810f556e050d94a49765dbdfeacf,1,cancer
../data/sans_label/ed723d8e-2323-4570-87a3-938e3e1c3a32.jpg,unknown,unlabeled,4a3b859e75b6e2a847fb686aaa007713,0,normal
../data/sans_label/ed1fea6a-ba35-471e-963e-05ee5d67fd63.jpg,unknown,unlabeled,1af64a32e39c9e8a992f1d68ac6de5cb,1,cancer
../data/sans_label/ed19a5b5-cf55-4914-be64-ec18ef8a896d.jpg,unknown,unlabeled,98cab6278c456dbee676e6d74241c84c,1,cancer
../data/sans_label/ecdd85a0-adc9-4db5-acb5-23c4b010ead1.jpg,unknown,unlabeled,f634a99a981f10078b0247c97006410a,0,normal
../data/sans_label/ecd494ef-9aed-48e7-a2a3-99c91b46bfed.jpg,unknown,unlabeled,78b8cb0306c8c7c51d84cb8215388425,1,cancer
../data/sans_label/ecb564c0-9102-4916-82c5-823bf4d7ac33.jpg,unknown,unlabeled,d576e64b736e72b6ecc23bcd17644148,1,cancer
../data/sans_label/eca6422c-b1dd-4d70-a161-cce649119176.jpg,unknown,unlabeled,4d74676fc0690c8257b13fa6f1e2c37b,0,normal
../data/sans_label/ec607df6-c21e-47c3-a8bd-bf381690cb7e.jpg,unknown,unlabeled,14f32bfdce0cd192b7836b92da57a13e,0,normal
../data/sans_label/ec526767-f086-4dbe-ae3a-412f79a9edd0.jpg,unknown,unlabeled,ba02c4c1e43ebaf5147395418f17dab2,0,normal
../data/sans_label/ebce2527-8c08-42dc-8880-ee8f180b0f9f.jpg,unknown,unlabeled,4dc3268e82d0c8355e21d21a446292f9,1,cancer
../data/sans_label/eb986a31-64da-4e15-8246-16f8f6668649.jpg,unknown,unlabeled,53623acb8d969bafd94093e80ac3c9d3,0,normal
../data/sans_label/eb516a02-32f0-4bd5-b7d9-fe046df5ffc8.jpg,unknown,unlabeled,ca6c9cd7dd98d1f01ea1565e663ea8c4,1,cancer
../data/sans_label/ea962881-8a48-41a4-ae4a-ec6819d348c3.jpg,unknown,unlabeled,916926ec6241b920539114831f916422,0,normal
../data/sans_label/ea862723-cd8a-40d1-bce6-a004996997d8.jpg,unknown,unlabeled,7407126b20db430917d75a7275a7bff9,0,normal
../data/sans_label/ea7cd9df-e4e5-42d8-926b-7fa218c92918.jpg,unknown,unlabeled,aca08a0a7493cec3b4380650d86f6b7a,1,cancer
../data/sans_label/edb3ee76-6415-4115-b3de-2968b0be5006.jpg,unknown,unlabeled,95446349f5bf08561cc044c0ef149ee0,0,normal
../data/sans_label/ee0737c2-8bbd-4a77-b531-dd8fa5e3dcd9.jpg,unknown,unlabeled,0a1b74bc8376cc4e87490a8fdde7f46f,1,cancer
../data/sans_label/ee6a4eb1-2297-45aa-a9d6-706a9dc84004.jpg,unknown,unlabeled,0dd8a9e5eb1a4f475f3dc9bf0ef3a0b7,0,normal
../data/sans_label/ee751cc3-cfee-4744-9f2d-16b177562ec1.jpg,unknown,unlabeled,156df07a78ebdf0b2313f1a6aac57f14,1,cancer
../data/sans_label/f199a8c8-85b6-49f4-bebc-f5ba26ff7852.jpg,unknown,unlabeled,d84ff07cc094bd8af6bd2d8bca6bf450,0,normal
../data/sans_label/f1984eff-6b19-4ca7-b623-9c757249bf04.jpg,unknown,unlabeled,fbdf3eb7312a2ff378f677fe6495a2e2,1,cancer
../data/sans_label/f1917d55-39f9-4ed9-9e49-f65c7b15a875.jpg,unknown,unlabeled,108ec5234c65d5d7b3005aba94ecc442,0,normal
../data/sans_label/f120f5fe-495f-43aa-a88e-5cc023edf594.jpg,unknown,unlabeled,5434db53a7385638a6d01c86ac389011,1,cancer
../data/sans_label/f0b03911-2262-43b9-9e50-30a1bf93f2e0.jpg,unknown,unlabeled,7a72d72224244a066ac2ea863619dab3,0,normal
../data/sans_label/f0a21a25-1da2-41c1-b865-dbd187114858.jpg,unknown,unlabeled,fdb7aa276ac7e7310d5f4c7833ed6295,1,cancer
../data/sans_label/f059ae69-f3e0-4c16-8fbb-0b8c94ea31a1.jpg,unknown,unlabeled,2b7f27bbaec24f816549f10e0b03e51e,1,cancer
../data/sans_label/f052ad55-d9ab-446a-a19d-e85ff46f138c.jpg,unknown,unlabeled,1e57cd86ab7ff1523fd8ea243ecffa6e,0,normal
../data/sans_label/ea6aaf17-9aec-4254-a5aa-a90e6866751f.jpg,unknown,unlabeled,ca8002be89d275d112ba61d01aeb29a8,1,cancer
../data/sans_label/efb81603-c141-472b-98de-fcde557bd1dd.jpg,unknown,unlabeled,c8238c3cb5bb75a107dea2121c5dcf79,1,cancer
../data/sans_label/ef7ead73-4d2a-4c20-a056-5ded13f40bfd.jpg,unknown,unlabeled,0969ba9f69c599071e064c9b4745e7b6,0,normal
../data/sans_label/eec0feb3-3b9f-44d7-9ac0-b214a43c45de.jpg,unknown,unlabeled,11e1f73126e65351df3d21e38e19babd,1,cancer
../data/sans_label/eebd905c-ee0f-44aa-a33f-fea3fab843a0.jpg,unknown,unlabeled,1c9b30216736c363e94b5a51acb294ae,0,normal
../data/sans_label/eeb3d054-1112-4072-af58-8311d03fdba6.jpg,unknown,unlabeled,a92adf9807bc70774c4cdbf8de6800c3,1,cancer
../data/sans_label/ee966356-43c4-4f71-9de8-6e958eda1667.jpg,unknown,unlabeled,b21c03f79f135ef5e84f9e83aaceca8f,0,normal
../data/sans_label/ee86a462-65df-4c23-88cf-3d92e54de3f5.jpg,unknown,unlabeled,0fa40b7a78a6b715863cc6058e6f1aa9,0,normal
../data/sans_label/ee7a051d-5eb9-4d36-9eac-d0f1e6749978.jpg,unknown,unlabeled,95ccaf7407781c2238f1858d2653af5e,1,cancer
../data/sans_label/f010521c-2129-4b45-8799-2bcc3da4557f.jpg,unknown,unlabeled,1665525fc76baeb3b918b86f59df7e52,1,cancer
../data/sans_label/f19d1ab2-b3ec-439b-8b5b-2b455aee74ae.jpg,unknown,unlabeled,a49899ecc3e1b7c1a3c3c88c150eead2,0,normal
../data/sans_label/ea40a05f-f03c-4923-aa49-11b27e3e9d57.jpg,unknown,unlabeled,2a984974b6ff749118d631c4e1a3f14a,1,cancer
../data/sans_label/ea0f9b11-26a3-4c46-b323-81010860c9b1.jpg,unknown,unlabeled,e329e6f6ccb3f2bb98027c918ee743a5,0,normal
../data/sans_label/e596b9ee-1cc4-4bac-944f-fc380a5b924a.jpg,unknown,unlabeled,78408249c1bc61bd503d08b07bb3ed26,0,normal
../data/sans_label/e554e606-348a-47c4-a6cc-aa3c2194f631.jpg,unknown,unlabeled,4c2be3ed99227400ecd8068aa4e93ba9,1,cancer
../data/sans_label/e50940e5-a20a-4eb7-8c06-cb77a0123158.jpg,unknown,unlabeled,71e409b49283f34401f23900e7b0ae9c,1,cancer
../data/sans_label/e4cb8806-6b55-49e7-aec0-f98f96c7f1c1.jpg,unknown,unlabeled,e4aec451b2e92c719b56365d4e1b6dda,0,normal
../data/sans_label/e4ae580f-2ed4-4203-9b0e-56892b986336.jpg,unknown,unlabeled,07d0038995678bf415b4a6cd79ae0a65,0,normal
../data/sans_label/e4830e27-67b7-4086-bc6f-d68d8e081f20.jpg,unknown,unlabeled,affe8f3d89406bb04358d86cf0f50a43,0,normal
../data/sans_label/e46a0c90-ec2d-41e3-942d-15e749b5da98.jpg,unknown,unlabeled,03f8802c901c5e3c1c96d898b1d40903,0,normal
../data/sans_label/e435db67-2d1f-472d-950c-079edf57fadd.jpg,unknown,unlabeled,58df2e1412cd39c869faf1ed64a18214,0,normal
../data/sans_label/e3c09bf9-708c-4934-87ca-1bbe5b21f0d3.jpg,unknown,unlabeled,407dcbfde0a04b6b9f27e0730fc7145a,1,cancer
../data/sans_label/e3821332-345c-4d90-a70f-4d7e459569dd.jpg,unknown,unlabeled,24f2c820fed0b84b0d811cc648e40171,0,normal
../data/sans_label/e37c973d-ce02-47b5-aa9d-726ee50a0495.jpg,unknown,unlabeled,f6508513603a8b2c524ffcb9c85e3f05,1,cancer
../data/sans_label/e3740498-dab1-4a62-b093-a667c738b6bb.jpg,unknown,unlabeled,5e87fa9ec61b65de28e36ca7868edebc,1,cancer
../data/sans_label/e37116d4-26f1-4aec-b4fa-f51d00435a33.jpg,unknown,unlabeled,ccd89a728ce2a27ac84228dc4d4372a1,0,normal
../data/sans_label/e33926b9-f786-48d3-8690-6720daea325c.jpg,unknown,unlabeled,d1b83153b1536a99928a71503f6a7f65,1,cancer
../data/sans_label/e3387ccf-a03b-436d-a689-47b2e99cef26.jpg,unknown,unlabeled,6b54d53684032205cf8a979c1590ca55,1,cancer
../data/sans_label/e325c59e-b404-47e3-a101-a4a2487000a4.jpg,unknown,unlabeled,e817d389672e6897dfae8c6caa9e2f29,1,cancer
../data/sans_label/e31ccf86-45ab-42b1-9cb2-46f7ac5970a1.jpg,unknown,unlabeled,641bc9f2027bea08222307a2197bf812,0,normal
../data/sans_label/e657f03a-f04a-4493-baa6-ccb7848c8fe7.jpg,unknown,unlabeled,2973199360d08ba538460c39afd799a0,0,normal
../data/sans_label/e676b449-e191-429e-bd03-d5488754a242.jpg,unknown,unlabeled,1d4ed6d3d4608076cbbb8bc053044965,1,cancer
../data/sans_label/e69bc3be-ff42-4189-b00a-bc077cf2a284.jpg,unknown,unlabeled,d5ae797c29ee137a1133d820005c0fa3,0,normal
../data/sans_label/e69ebe3b-de3e-4873-b19a-845a88bd82f2.jpg,unknown,unlabeled,e04f6e5f76d5c2a3aa0f6ba390f74741,1,cancer
../data/sans_label/e9f6d279-0737-4ea3-b13c-59ff52bf016d.jpg,unknown,unlabeled,3d16f19df96b34173df1146f666de16d,1,cancer
../data/sans_label/e9e0a6e5-db85-431a-b015-a86c65f06776.jpg,unknown,unlabeled,e3ec30c1734484993acccbd3c5d33259,0,normal
../data/sans_label/e998d78e-42b9-44c4-b7ea-0b4cbe6b250d.jpg,unknown,unlabeled,037259ab0a3fac5b3699bb433cd65c37,1,cancer
../data/sans_label/e974d081-5f30-4a37-ae0c-560a40a3d3b6.jpg,unknown,unlabeled,313625025e2a9f610d1b5f0fc6c78055,1,cancer
../data/sans_label/e958d39e-701e-4744-96a1-8916338904d7.jpg,unknown,unlabeled,1e0de291ffeed71002298554cad1ab1a,1,cancer
../data/sans_label/e91ff2a7-3285-4448-bcf3-564247f2e988.jpg,unknown,unlabeled,0f7cdaab69fcc3d91c1e740cd2e949fb,1,cancer
../data/sans_label/e8d7f610-23c8-4767-b9c3-05397f2e420c.jpg,unknown,unlabeled,676d570545cb18957ccec0d9a457ddae,1,cancer
../data/sans_label/e8c5c861-755f-4a34-b15a-292e9fd05a33.jpg,unknown,unlabeled,b2edfadab739d34b36ceb87bf5bfa31d,1,cancer
../data/sans_label/ea1df053-c052-4e74-a728-af2a197589b8.jpg,unknown,unlabeled,4085e3f593132ea9598a1ea09f336f6b,0,normal
../data/sans_label/e85b1c50-29ad-4392-ac27-7fb2fc6787d7.jpg,unknown,unlabeled,417d6728eefd878bab319da25ed4fe2f,1,cancer
../data/sans_label/e7f5be64-b2c8-4a5d-887b-30525048c54f.jpg,unknown,unlabeled,6795eb629efacd31f3f1983ed06b37e6,0,normal
../data/sans_label/e7b6d77b-bc2b-4eaf-9037-9cf275ce5a48.jpg,unknown,unlabeled,d1374db875f4205556bc129a894dd9a3,1,cancer
../data/sans_label/e71917e5-06af-4d12-855f-1066bff881a6.jpg,unknown,unlabeled,e05cb180e81f50b9413c16cb9c0e1c73,0,normal
../data/sans_label/e7105e28-cf5d-4fd4-82ab-e5a70966436c.jpg,unknown,unlabeled,b518c478bac8e8f5cd128c92b16d73c2,1,cancer
../data/sans_label/e70d0fb8-18b5-4d81-9e36-770a43ff8bc0.jpg,unknown,unlabeled,a365d824f8534106f379d1a2a3012ff3,0,normal
../data/sans_label/e6f11dd9-7f43-44b2-a92c-0331a75b1479.jpg,unknown,unlabeled,93c0d6e6c4f4776fce907c0e543da052,1,cancer
../data/sans_label/e6c71dca-2fbf-4534-8003-b007d6d2f01f.jpg,unknown,unlabeled,c0374e487420bdf9f187dc5018a77e37,0,normal
../data/sans_label/e6a1fd23-d912-4365-be9f-94f1d863566d.jpg,unknown,unlabeled,759b12e3ea418295a873a15e332342d3,1,cancer
../data/sans_label/e82984f0-ff5a-412e-9f76-ba6d93d7d2d6.jpg,unknown,unlabeled,94d33969e8581767374224b272b16d4f,1,cancer
../data/sans_label/e3102899-9a33-4b7b-937e-debb6d16aeb1.jpg,unknown,unlabeled,73f7e9e86b4cb86844c84cc137baee5e,1,cancer
../data/sans_label/f19f8e50-18dd-4979-861e-4fb0062c0a98.jpg,unknown,unlabeled,edb7348edca9a680972b747a733b1599,1,cancer
../data/sans_label/f1c3b35d-c786-4675-a685-8801b87bbf20.jpg,unknown,unlabeled,5de97327913b885e124e89cfb82325fa,1,cancer
../data/sans_label/fb0c6496-779b-4e6c-8d5f-684924504ab0.jpg,unknown,unlabeled,5ec5e4892e0fa882dde4caaa5f68c75d,1,cancer
../data/sans_label/fac74fac-c0ed-45d1-853a-482ac8bf14f9.jpg,unknown,unlabeled,ae2d13f9a2a6b9575bfe3b5b86b24a74,0,normal
../data/sans_label/fac0dc4c-bba4-4200-b4f1-c59850226986.jpg,unknown,unlabeled,fa34819212cb9b1a1816f26bac34f5dd,1,cancer
../data/sans_label/fa9d7caf-6d7b-4a43-8d9f-00f2fc2d5944.jpg,unknown,unlabeled,a57294efdf9268d3c458506bd6c82908,0,normal
../data/sans_label/fa4bdb08-8c03-4f58-a309-52ca88173417.jpg,unknown,unlabeled,78104759ea95d8a3d35d6cc342bae21d,1,cancer
../data/sans_label/fa19fe6b-0859-4a56-94dd-62c88812fd23.jpg,unknown,unlabeled,60083d480c12f0754b02bdb892fe46d0,0,normal
../data/sans_label/f9d60d23-9fd7-4c00-b06e-c262559c15ad.jpg,unknown,unlabeled,be0632adfd9277ad70c5bb5ff296cb0e,0,normal
../data/sans_label/f9d0f331-0474-44b7-b06d-adebdf1b0d5b.jpg,unknown,unlabeled,ac6ec4d999f78dba98591c417715a189,0,normal
../data/sans_label/f9aed2f0-899f-4bc9-b915-85401fa29062.jpg,unknown,unlabeled,723ee4960d6a072f4c3774678821d5d0,0,normal
../data/sans_label/f97a64aa-6894-493b-978d-d5a133986272.jpg,unknown,unlabeled,3c3d3d5e71256bccd3666cffa1c2e7de,1,cancer
../data/sans_label/f947fcc8-74e2-4b6c-b7aa-157a67641ac1.jpg,unknown,unlabeled,202b9f8f41be5ff42424065d9adbe1b9,1,cancer
../data/sans_label/f944ba3b-78eb-4392-a365-9d079e327900.jpg,unknown,unlabeled,e173e3a1948b3ae22ef04c5d1f6438bd,1,cancer
../data/sans_label/f8febf3a-54c6-443a-bb03-ae6282256f5b.jpg,unknown,unlabeled,e151511c6958b3fead2fbb071a227b1b,1,cancer
../data/sans_label/f8dda423-2779-4a01-a985-b8f09bcb0c01.jpg,unknown,unlabeled,5161b3531acbc57d52c3249df452cf74,0,normal
../data/sans_label/f8916dcf-ff6c-4b15-97d0-639b4964c443.jpg,unknown,unlabeled,acfd6b3e5c1d356f886a7a7cef042235,1,cancer
../data/sans_label/f87f69f7-91a0-45b8-a790-911e3879f174.jpg,unknown,unlabeled,e4265b8298a5741ac8473ae520fcf188,1,cancer
../data/sans_label/fb486ecf-2ace-4ce5-9d65-2702e4b64181.jpg,unknown,unlabeled,28ccfd0aa22db0bc836e770776100979,1,cancer
../data/sans_label/fb656613-7355-4508-ba32-7a633b9f3397.jpg,unknown,unlabeled,7838be4b09976baa94a018614dfbcbd8,0,normal
../data/sans_label/fb6a7301-59d7-4e59-a351-093cf585b713.jpg,unknown,unlabeled,930fdc0d87c55b4539d903a7cb0047ec,1,cancer
../data/sans_label/fb81733b-ea25-4003-80c7-7e162a731331.jpg,unknown,unlabeled,629d1f65395a50023b6f5964be89b210,1,cancer
../data/sans_label/ffab85a5-cdb8-4c32-aa75-926199136003.jpg,unknown,unlabeled,b083d6d8c9015db21fb49733a930613a,0,normal
../data/sans_label/ff93375a-a8ea-4c44-9679-8b62ff51b9ef.jpg,unknown,unlabeled,e9f6a6706f1e22e09d8b5b7b816f9fb7,1,cancer
../data/sans_label/ff3d5248-a7a7-47f6-8fe4-a44a45af64f5.jpg,unknown,unlabeled,81d2785da7fc50b72680a7fe15bfa834,1,cancer
../data/sans_label/fecdc9e4-c3cf-490d-b5b4-b489a6d455bf.jpg,unknown,unlabeled,1c06d5f2e1428b549e6f6a24ff4d1440,1,cancer
../data/sans_label/fe83bb10-600a-40fa-b7a9-13e79ecf1bca.jpg,unknown,unlabeled,0f99315d48473f81a8ca1add53206a85,1,cancer
../data/sans_label/fe4fdff6-284e-41f9-a55d-81725888b3df.jpg,unknown,unlabeled,1f3ea504adfef70c1c13b1eb3802d7f4,1,cancer
../data/sans_label/fdb0e481-28f5-44c5-bda7-21651af175cf.jpg,unknown,unlabeled,9bbfa1872d195ee465202e13b3426c66,0,normal
../data/sans_label/f84cb0d1-9d94-49e5-ad29-eed9d2e0ed13.jpg,unknown,unlabeled,5d59fcde7da01f0c80bce6a3ec3f9f69,0,normal
../data/sans_label/fd6cada9-1b71-4020-acdf-8dbdffc05216.jpg,unknown,unlabeled,f845689a00acfc19e493c9554ec775fc,1,cancer
../data/sans_label/fced49dd-3752-42a0-a55c-03bc4e627614.jpg,unknown,unlabeled,fca1dfa00e0ea3d3d9c1f9eacbe809c6,1,cancer
../data/sans_label/fce8f202-27e3-403f-986d-a6944abf85a8.jpg,unknown,unlabeled,2ebde2c6683eb7d6e8a7f539f90beccc,1,cancer
../data/sans_label/fcc19978-f859-462a-b392-eb31378af641.jpg,unknown,unlabeled,5fd1d91eb4c8e435b1d8866f9df73f84,0,normal
../data/sans_label/fc82dbe0-6824-4ac8-a4a0-612f5ea53a98.jpg,unknown,unlabeled,771aceffdb969409e1a315a3653c660b,0,normal
../data/sans_label/fc0c3deb-0017-42f3-9d08-d89405c58b8f.jpg,unknown,unlabeled,6de17bb39dd2bddd8b4ccaacdcdf29b1,1,cancer
../data/sans_label/fc0ab4c3-7285-4e86-99d7-959f54ec8da7.jpg,unknown,unlabeled,861b6fe2d5830d78777815fd30e8d821,1,cancer
../data/sans_label/fbe0b07a-b152-45f3-8a65-61e7e4ef554a.jpg,unknown,unlabeled,6643d49748a1231d514aef3518f49a75,0,normal
../data/sans_label/fb9d36e6-f30c-4943-8f6a-adfdcaac2356.jpg,unknown,unlabeled,7e6b97709dbc4c30d92e0cfb27d9b0a2,0,normal
../data/sans_label/f1c28168-17e9-41ce-88b8-1f0bcc8c5cc6.jpg,unknown,unlabeled,259410aaac86fa27bd7933ed4634cc06,0,normal
../data/sans_label/f844fccf-c118-43d6-bc9d-551403ff443e.jpg,unknown,unlabeled,2e90b24aafa63b0c3166c0478b74ea14,1,cancer
../data/sans_label/f7ef8c54-df83-47af-8cd1-a6bf96731e35.jpg,unknown,unlabeled,65a5f8c1dd4ffd2047072d729da19824,0,normal
../data/sans_label/f496cf0b-abc1-4714-9efc-f521e53d98a9.jpg,unknown,unlabeled,2700430dd18f53fffb43df43065d582d,1,cancer
../data/sans_label/f44bf673-7385-48e9-90c1-7a154bbf27f7.jpg,unknown,unlabeled,daf6d77f68543507880d50e80a8f6455,1,cancer
../data/sans_label/f416fc93-9b7d-4211-88be-e09539b1f9b1.jpg,unknown,unlabeled,9135155f1cf9743cf681dceb2e645412,1,cancer
../data/sans_label/f4067a4d-8d5b-4823-9a3f-741fafc822c2.jpg,unknown,unlabeled,c7fb20a4a49d7176eb044d463c3fb790,0,normal
../data/sans_label/f4047893-67fd-4a03-b0b6-dd7ecde83e41.jpg,unknown,unlabeled,a6f67f05f0f2623513147fd8a8e94b29,0,normal
../data/sans_label/f3e24bd0-fc83-4eab-9ef7-23ecbc239db6.jpg,unknown,unlabeled,ae2230c960a68ec86a03fddc6f79ae1d,1,cancer
../data/sans_label/f3bd1d86-a448-4578-a47c-9a4c826403b1.jpg,unknown,unlabeled,0bb570f17f9a3ac40430e0525d87d1fd,0,normal
../data/sans_label/f35bfd59-19e6-4ec8-85b6-0fef8699f961.jpg,unknown,unlabeled,ddc01711515ba6a183c80476a34381df,0,normal
../data/sans_label/f324adf2-d0b4-4a5f-a648-6ac586eabd9a.jpg,unknown,unlabeled,7f8b08191e33e5bb680b227b20595e02,1,cancer
../data/sans_label/f2f97064-fd8d-4147-95cd-a180cfcfb913.jpg,unknown,unlabeled,069a9ecfddb3ebcfe88c0a7d64adad2f,0,normal
../data/sans_label/f2f55cc9-c4ed-4aaf-b6dc-6ea55f213df8.jpg,unknown,unlabeled,813a3577c0ca51e131a2d2c57d49e37f,1,cancer
../data/sans_label/f2e48e96-9d99-4e4c-a492-618674724d8d.jpg,unknown,unlabeled,55caa94a2b156f482db076411e269c72,1,cancer
../data/sans_label/f2dd3eb8-320d-4e4a-b6d3-f76642ac654d.jpg,unknown,unlabeled,bc7ece700e0faa5a8fe0b1918538e356,1,cancer
../data/sans_label/f2dc984e-3f0f-4d13-9301-f9e0b0e4e51e.jpg,unknown,unlabeled,ef56ababd08282c8a05a741d99ba7c6b,1,cancer
../data/sans_label/f21ee0ed-2d90-451b-a280-5c6ce0f1c721.jpg,unknown,unlabeled,b1e7ff1595f538378025c8970f4c9ba2,1,cancer
../data/sans_label/f210f98e-7d24-48a4-9171-004b6f52de5e.jpg,unknown,unlabeled,53d1e4bc444969f60a9635d0d83d58a2,1,cancer
../data/sans_label/f20fb1f7-b654-4f7e-81d9-6ffa24df7d19.jpg,unknown,unlabeled,84efd66b489b41497f859282cc586a23,0,normal
../data/sans_label/f4a379d3-af24-4114-a7c7-2765cd83f7d5.jpg,unknown,unlabeled,b642c08c8090b98dea6bff666b50f9cf,1,cancer
../data/sans_label/f4f16fea-acba-43fb-b742-3b6b9c9243b0.jpg,unknown,unlabeled,2f4f050b22c4ee510b72c1f6b3c74540,0,normal
../data/sans_label/f4f5d644-5d18-477f-b048-0e2cc5c3abe2.jpg,unknown,unlabeled,1bb1c247ec2e0a6532c21de357f07891,1,cancer
../data/sans_label/f5013582-f682-4d08-8b7e-a6bc599f2137.jpg,unknown,unlabeled,659cb67b15f83bd8d63004a093f0c887,1,cancer
../data/sans_label/f7bd52a1-eeaf-4480-a85c-53bdaf755cff.jpg,unknown,unlabeled,b91503b8a703eb4d937b404e5fa0294c,0,normal
../data/sans_label/f7ae44c4-0045-4695-902e-2077b250d949.jpg,unknown,unlabeled,7bbc5d92ca9d6c7b3f24cfb7e070735e,1,cancer
../data/sans_label/f7227dc6-cfd1-486b-a85f-9a9ec21766f3.jpg,unknown,unlabeled,91328a15a100b612ecbee0f9ccd145ed,0,normal
../data/sans_label/f6e3df92-dfef-4c23-af5c-26994759f219.jpg,unknown,unlabeled,ade3fe0eaeae05452adee1c4c3c1d14b,0,normal
../data/sans_label/f6e10c2b-4aa7-49c4-bad2-dbd47dd30a78.jpg,unknown,unlabeled,c84d0a0f6d0aa3da1ffd914ca73969e9,0,normal
../data/sans_label/f6a21abe-1f7c-4bba-8f41-46db83b082e7.jpg,unknown,unlabeled,f092d9c601866a2b7527be95b6a9b4ed,0,normal
../data/sans_label/f5e0d8e5-d8be-4308-9584-808d88d6ae98.jpg,unknown,unlabeled,0184f8a157e381924f12159d3773914d,0,normal
../data/sans_label/f5ded837-56e3-4590-b567-fbd1b71f3da8.jpg,unknown,unlabeled,e2f1ea59556a8fdeb144ed7eba411ee8,0,normal
../data/sans_label/f825d461-7eb0-4bed-b0e3-f0c0ebde2cd5.jpg,unknown,unlabeled,aea7ee282f2c2293e339fea886320883,0,normal
../data/sans_label/f58c647d-4a84-49d9-8ad7-c98981da914d.jpg,unknown,unlabeled,7898e1741640573509e55d8f5c276992,1,cancer
../data/sans_label/f586d603-9443-482c-9953-929dbccb173a.jpg,unknown,unlabeled,da398c50734f6433afef9cd57319142e,1,cancer
../data/sans_label/f583ab0b-992e-49ec-bc2b-ef9672e6789d.jpg,unknown,unlabeled,e4fdbfc5b26b8d48a617a7a47f3939be,0,normal
../data/sans_label/f54be614-be07-4c7c-b361-0a2eef1ed4d7.jpg,unknown,unlabeled,bcdaaf419af925b4df266a78c626e70e,0,normal
../data/sans_label/f52abe7f-be3d-4428-8c75-a9e08f981f0b.jpg,unknown,unlabeled,c090eb76bce764f1c850bc071d1cdb7f,0,normal
../data/sans_label/f525c3c4-ade2-4726-916e-25b8e7a78ed3.jpg,unknown,unlabeled,2faeb1d49c886abb44f9a56507eba61c,0,normal
../data/sans_label/f51373fb-e15b-4855-b0c8-4191252e5af8.jpg,unknown,unlabeled,14627a4d0d0f8cc7986fd18c3e331e95,1,cancer
../data/sans_label/f5034c6f-a2da-4bb6-b3e2-c0159e7c05e7.jpg,unknown,unlabeled,b42480a1718b57023675fc999dafde46,0,normal
../data/sans_label/f58f4241-dafe-44ef-bf60-83929ed64b06.jpg,unknown,unlabeled,97e7573161093c0c48e352014bc49ac3,0,normal
../data/sans_label/c2a831ad-4d6e-45ec-a308-d873662a9fff.jpg,unknown,unlabeled,dd2d9e1f555f2a64a7e6961c2790c931,0,normal
../data/sans_label/e2e331c7-2658-4a22-afef-59a66e2e36f5.jpg,unknown,unlabeled,943174fe5f4745074164f61d4d803b7a,0,normal
../data/sans_label/e2819c3d-f34b-4a6c-b629-e5fa88936e6d.jpg,unknown,unlabeled,9e80ac169ae0b8129cc41939fa0bafa3,1,cancer
../data/sans_label/cd986f61-0bd8-4beb-bd9c-6962d00d59c2.jpg,unknown,unlabeled,d80df18aa9bbfe7c8ca68176f036d18f,1,cancer
../data/sans_label/cd80f16b-58b8-46a4-bb62-c5040bf63eeb.jpg,unknown,unlabeled,435d24d2c4293386bef4ba4b2b218caa,0,normal
../data/sans_label/cd4ec45d-c01d-438c-9032-0b811159a980.jpg,unknown,unlabeled,f1326a5ad68752f133639e52fe0ebdff,1,cancer
../data/sans_label/cd061095-1cd3-495e-b6ba-d1aec5b17381.jpg,unknown,unlabeled,0a4d1483aa708427debf6367a7947438,0,normal
../data/sans_label/ccee99bd-8a46-42d0-a09b-a2b200dd8bc0.jpg,unknown,unlabeled,4c5796f5ff942d84d8a6b2b8ea3c62c0,0,normal
../data/sans_label/ccb13ab2-6120-447e-8e1d-56fa7971708f.jpg,unknown,unlabeled,1b4ee3a2cb77a603829ba4ce7b9d1c91,1,cancer
../data/sans_label/cca25e7c-12af-4c98-ac09-608461469d78.jpg,unknown,unlabeled,33fb0bd9e63023150e85eb633c57f20c,0,normal
../data/sans_label/cc418ab8-4267-43b1-85ca-00462bc8ff27.jpg,unknown,unlabeled,cbad47f08c3b8b9f1bd5cff3b7e013f8,1,cancer
../data/sans_label/cc16dfb4-6bd5-45ef-b9b9-53df49f47dc0.jpg,unknown,unlabeled,52e0a341df8e8ca064dd1489784c5f3f,0,normal
../data/sans_label/cbe4196c-9d73-48aa-9719-4d0f8f3fcd32.jpg,unknown,unlabeled,571664db3081a63e800f0fc0f0c29386,1,cancer
../data/sans_label/cbd10737-c463-46b0-9ddd-13f87c351984.jpg,unknown,unlabeled,9eb6ec4996029ac7a583dfd97fd4539e,1,cancer
../data/sans_label/cb7e304d-7a40-4092-afe3-a12844b6efed.jpg,unknown,unlabeled,879a12787ec23853b04ea5d598d99f7a,0,normal
../data/sans_label/8131dd8a-544c-47cb-b780-a970a3c6de3d.jpg,unknown,unlabeled,320fcb02ffa06def11cfbd8cb6c274da,1,cancer
../data/sans_label/cb6c7d10-bc8f-4c3c-aa6a-868b8897e4b4.jpg,unknown,unlabeled,3443cc47c82aa65d55507a962d547ab7,1,cancer
../data/sans_label/cb68947d-3c5e-4b0e-a389-5f988ddc32dc.jpg,unknown,unlabeled,da4d27fd3971279bd593ca7786a12fdc,1,cancer
../data/sans_label/cb52c430-69e8-4b42-af50-d061c9416841.jpg,unknown,unlabeled,42c433ef48175566844c28d01a08c180,1,cancer
../data/sans_label/cdab3f1d-500d-42ac-9607-eff2574279ea.jpg,unknown,unlabeled,f18678e49cf17222d3c2b2ec404ee301,0,normal
../data/sans_label/ceb0e444-4277-48af-965e-a0da2c952305.jpg,unknown,unlabeled,f29a0cb319906f6142d70e48d7387e33,1,cancer
../data/sans_label/cebb51d7-8c39-48fa-bb82-0d76501be768.jpg,unknown,unlabeled,a3f3e86759d9ea2160cb66099489f783,1,cancer
../data/sans_label/cec1206e-7243-4fbc-8075-828f3eaa6f87.jpg,unknown,unlabeled,638a53ddab87ee947c9543f1afa2ed1f,1,cancer
../data/sans_label/d2a035b7-4cf5-4a47-8e2c-b37344f54906.jpg,unknown,unlabeled,1aceaacf9a07d293fdf4e81c69275fa4,0,normal
../data/sans_label/d21475c8-c0f1-4a42-a38e-f567b088e541.jpg,unknown,unlabeled,cbed92bd08a2be8e16095ff4b7b52227,1,cancer
../data/sans_label/d1e2f491-54bb-43d0-bc7e-fb7d33bca568.jpg,unknown,unlabeled,0b49a4b925682f21a518ff5dce56c982,0,normal
../data/sans_label/d1459a4b-d693-41dd-84b1-743482796c97.jpg,unknown,unlabeled,a934d8f5e3a3951cca39ec65df20ef40,0,normal
../data/sans_label/d145119d-4e08-491b-8766-fee7340ae353.jpg,unknown,unlabeled,63ad053da28295487df0f1e7363e2748,1,cancer
../data/sans_label/d13b0b94-56e2-42b4-ba15-118e88182695.jpg,unknown,unlabeled,0c6419dccaef83f0654c380048b4efcb,0,normal
../data/sans_label/d134e654-ec17-49ae-8f06-386e65e0035f.jpg,unknown,unlabeled,04d5b908e9d1b51538f9e114f80189ae,1,cancer
../data/sans_label/d1285cba-dad1-4341-98a3-adad89f59293.jpg,unknown,unlabeled,293ca1e7a55964d85778be386b0f26e9,1,cancer
../data/sans_label/d0b3497e-5c45-4131-8e33-772abeffdb32.jpg,unknown,unlabeled,b3e7c0c2567faeeb880dd3a34c25dbf1,0,normal
../data/sans_label/d01ff5af-6826-4ccd-96d0-23ba9c87fece.jpg,unknown,unlabeled,7cc229e6b4aed964464c1b6e8fe6a20f,0,normal
../data/sans_label/cfcf574b-958c-4545-a823-c880dc2b4187.jpg,unknown,unlabeled,ca9bf2b986a3e7519503347364dae054,1,cancer
../data/sans_label/cf6f969e-47d6-4796-a0c1-cf6b2dbb7a42.jpg,unknown,unlabeled,67ac125c080a44fc4ce680c34507a958,1,cancer
../data/sans_label/cf6797cb-0a80-4fd9-9655-e9a34d71e5ab.jpg,unknown,unlabeled,7f26644b7aa53b4270532a3ce5a32e18,1,cancer
../data/sans_label/cf3c52af-5549-4f92-a57e-46de32e14e82.jpg,unknown,unlabeled,95b4afd2a3b5d51f08d81694b2379115,1,cancer
../data/sans_label/cf268860-0c5d-4366-b634-141e2bbac6e8.jpg,unknown,unlabeled,9c9fe87bb0a213fe29896488be291d15,1,cancer
../data/sans_label/cf1f019d-a700-43ac-878c-e8107bd89405.jpg,unknown,unlabeled,ad3e4b27eaafe41558bc945815ef8407,1,cancer
../data/sans_label/cec5726d-6905-44fb-bc96-a5d8de605dab.jpg,unknown,unlabeled,7cb6929cd195699da593b21f3e6e3890,1,cancer
../data/sans_label/d079d7c0-4ffd-4f31-92eb-f753c0241b1c.jpg,unknown,unlabeled,dbb8a332223ff2d50a4516f1edc607ef,0,normal
../data/sans_label/d2eb84da-33f7-4c3d-88f4-3bd4d8f4b298.jpg,unknown,unlabeled,65a9497d3a1748e81cc939451780e881,1,cancer
../data/sans_label/ca4c389b-8e9b-40d0-b149-1c81934ea251.jpg,unknown,unlabeled,8b15f3f78b12840f6ca394eaf6107a4a,1,cancer
../data/sans_label/ca46237d-f96c-4c3f-ae44-e96a6765dbba.jpg,unknown,unlabeled,97a8e1fb364e28deb7c6d91455965c49,0,normal
../data/sans_label/c6fe9750-9be5-4537-abff-cbd0b5c331d2.jpg,unknown,unlabeled,c48cdfb9202589894e193fd7f9797bf0,0,normal
../data/sans_label/c6c9465b-6a3f-44d0-ad3a-06d0f7129afd.jpg,unknown,unlabeled,26fba5eb69b3d5592561bacee57a5280,1,cancer
../data/sans_label/c697f7b8-a805-453b-9f5b-cf0b4f451a33.jpg,unknown,unlabeled,859798a35d91fec73f95d9b8a28afdea,0,normal
../data/sans_label/c6942443-0497-4e2c-898b-13a956249316.jpg,unknown,unlabeled,54f439ad617c72bf69cb26a6d2a600a1,1,cancer
../data/sans_label/c65e4953-4a81-4bc5-a85c-57d57704e3be.jpg,unknown,unlabeled,ab002d923e52ed85f063139ec97b43f9,1,cancer
../data/sans_label/c5dbb237-8720-48a0-8413-b4659a622100.jpg,unknown,unlabeled,2382bb08b60c41d10be5e57213bc5b2a,0,normal
../data/sans_label/c54fb914-ea29-4755-a55a-80694f6e12c2.jpg,unknown,unlabeled,e1a0e33fc41a27e1b3dc121784df7205,1,cancer
../data/sans_label/c51b239d-ea9f-4e39-851d-3d31c378e1c9.jpg,unknown,unlabeled,1895f61c9db6e4ea7772b5125e613b37,1,cancer
../data/sans_label/c50d1338-01bb-4862-aa2e-b4e009052b7b.jpg,unknown,unlabeled,331c436ad4e856c6be33d23383a7efac,0,normal
../data/sans_label/c4d9b988-8e7d-4f8c-9f67-d34f275a1c41.jpg,unknown,unlabeled,12120f3f7657913b9219be40f6a29f0d,0,normal
../data/sans_label/c4ae2e45-ed52-4c37-b411-0f432b3e8b5b.jpg,unknown,unlabeled,a387d6b4e522bfd19e0712db82540dba,1,cancer
../data/sans_label/c38f8369-c2b1-41e3-a5ab-fd4c0cdafd3e.jpg,unknown,unlabeled,f7e2dcd713d67036f6635d3419583327,1,cancer
../data/sans_label/c357845a-2ebc-4dec-a129-59c1b34283a1.jpg,unknown,unlabeled,3ab428945fce79ad1f2bcf970df588ed,1,cancer
../data/sans_label/c3548ce6-14fd-4747-99d2-a498ec2a89dc.jpg,unknown,unlabeled,6214b3a7ef156ad1bcb50331733adf31,0,normal
../data/sans_label/c3305fd4-95c1-4761-bd6c-f8969a1f631e.jpg,unknown,unlabeled,0d309bc3aad50b0d344bd7bd26252cd8,0,normal
../data/sans_label/c2feb010-0d6a-45c6-9fe8-4981b40daef4.jpg,unknown,unlabeled,167eb7cf6ba57940922bbb9af5c9f951,1,cancer
../data/sans_label/c7045bd6-b179-4db6-aaf1-c7a494d7ca2c.jpg,unknown,unlabeled,64ae6e61cfedbe7a5a71585b0b4ee916,1,cancer
../data/sans_label/c7050e6d-4a2a-4089-9777-a16c76406873.jpg,unknown,unlabeled,2088c8bfa87f6bffbe445f2f8141c1fd,0,normal
../data/sans_label/c7173cc9-2971-4803-9490-9d43481b70e4.jpg,unknown,unlabeled,7b67ec4b054ae11adc6685fe9f909f37,0,normal
../data/sans_label/c74a8b21-5af5-42c7-bfed-aa96645fab2d.jpg,unknown,unlabeled,c29660e5cb5842b91bfb7f3546db2941,0,normal
../data/sans_label/ca2e8fcd-c573-4d34-b92c-3ea6c0e3e8f5.jpg,unknown,unlabeled,56eddf5dffe52c520ffecf4af7345822,1,cancer
../data/sans_label/ca23f926-8c7a-4b3d-bc38-4df80d9ef7c7.jpg,unknown,unlabeled,60d02f41aaf47459a2450277a5b05c9d,1,cancer
../data/sans_label/ca1f5dd4-ad42-49c5-825e-403288d98532.jpg,unknown,unlabeled,e076783a39c5fc096c4f9ffd06b74f7f,0,normal
../data/sans_label/c9c47489-cccf-4acd-88ce-1d2943e5bb6e.jpg,unknown,unlabeled,41147f5b31ef62d4a46b4c682342dd60,0,normal
../data/sans_label/c985dd7a-d3de-4c84-9266-953a930bd722.jpg,unknown,unlabeled,e3f86c6ab422a2dd0a54a95c59818d82,0,normal
../data/sans_label/c96bf301-62e2-424e-8ac4-e6b80f60388a.jpg,unknown,unlabeled,b272a4a4ce3a4d2e56c856b702a15e9a,1,cancer
../data/sans_label/c951c107-0e25-416a-9a84-6f6958ff1a8f.jpg,unknown,unlabeled,fe5b8bc6de812b0763bc130f3e70388a,1,cancer
../data/sans_label/c916fc23-28a8-46cd-baae-ba91c6413489.jpg,unknown,unlabeled,d65500d403fb50b5869f85ef4b833b23,0,normal
../data/sans_label/c85ad2ea-7d0a-4667-9705-8e94ada4e5ce.jpg,unknown,unlabeled,0c0de80d7668ad73928b9af0ebe5c9a0,1,cancer
../data/sans_label/c856da77-71b1-4e2f-9ddb-93d279822202.jpg,unknown,unlabeled,c1bc3a8364fa6d602bb51d3f75f62f8e,0,normal
../data/sans_label/c849d1d1-4c2e-4724-a671-3f6d42f77bfa.jpg,unknown,unlabeled,2862406ca67f232fe677876792d15e73,0,normal
../data/sans_label/c81630dc-6dd9-4faa-b19c-8f8bfad1d734.jpg,unknown,unlabeled,5d1b9ac6ea2ae374e82638b3c1d0d3f0,1,cancer
../data/sans_label/c803aed7-757d-42f7-92ee-363b9dc79499.jpg,unknown,unlabeled,1f06a5c22e7b9b05d30aa5e9f914304f,0,normal
../data/sans_label/c7cad843-f751-49a4-ab34-f812e74fc243.jpg,unknown,unlabeled,7e7268ac8c0aed40396d20e0f756cc3c,1,cancer
../data/sans_label/c75f863f-2106-4c73-bc21-1730b4399373.jpg,unknown,unlabeled,94ed85bd7dede4bd687d352f05638560,0,normal
../data/sans_label/c74fcab6-8da1-4f76-b150-4c0ecfa45b3f.jpg,unknown,unlabeled,eba901ee61fbbfd84ce66759206be6bd,0,normal
../data/sans_label/c8955ada-d314-4ef4-9bdf-b8159669a58a.jpg,unknown,unlabeled,4a398971da900085cbaf7d83c59b90fb,1,cancer
../data/sans_label/e29b6621-61bd-41cb-9039-8ba0748c77cc.jpg,unknown,unlabeled,f752382cca275a5a8592e605ab0448ec,1,cancer
../data/sans_label/d32eb4d8-659b-4fac-8949-4efbcb8de115.jpg,unknown,unlabeled,cf6428014ce40a74dbab45867a1bfbff,1,cancer
../data/sans_label/d3a9f98b-e591-4a84-b355-b11baa271060.jpg,unknown,unlabeled,0ab86ed46945cacef9050909b26a60a9,1,cancer
../data/sans_label/de106e37-d0be-4d89-b3c9-a6018a602838.jpg,unknown,unlabeled,8132d3038e98e14db2b59708792bbee1,1,cancer
../data/sans_label/ddf0c26b-3f44-422a-b2b4-b20ad5730424.jpg,unknown,unlabeled,3a558e182a9c605751b03f7b9476bdd5,1,cancer
../data/sans_label/ddee2693-8c67-46ff-aaaa-6258cefa88d0.jpg,unknown,unlabeled,6b48425ae1b63443598d8d4dbb0e39d7,1,cancer
../data/sans_label/dda4e1f7-3614-4903-a53f-45a9b838d785.jpg,unknown,unlabeled,0d1c589fb082e62f669f16e0f509be0c,0,normal
../data/sans_label/dd5f74ca-1881-4834-9908-477097ed8e20.jpg,unknown,unlabeled,e7df0c3583a06962fad5145ea19e046e,1,cancer
../data/sans_label/dd53a762-0288-48a7-b130-4547e5a41004.jpg,unknown,unlabeled,52baa6f8cb5444b5ec747217bd0ff43e,1,cancer
../data/sans_label/dd2eb4e7-90a3-4801-ab47-b94dee64eab2.jpg,unknown,unlabeled,594ed4768a1483caf9ad55667870c274,0,normal
../data/sans_label/dd1afec0-2697-45b5-a0f2-e4e26acfce72.jpg,unknown,unlabeled,b1cd35bb58b7787f58bc8c9cbc20127b,0,normal
../data/sans_label/dc7d9dff-d4c3-40a9-b395-241a0b78ac0a.jpg,unknown,unlabeled,4356251095b6896edf7393e967d1dd08,1,cancer
../data/sans_label/dc69e5ea-da2b-4060-b2ee-b2f29f2f914c.jpg,unknown,unlabeled,9c21dd06f1dc58b8c3d7d09729565570,1,cancer
../data/sans_label/dc1bf07f-df38-49bf-8310-af79d9ccf51c.jpg,unknown,unlabeled,c64682555f9b7c66562c5875bf7b0638,1,cancer
../data/sans_label/dc02d801-1fa9-40a5-8555-1e9d00475723.jpg,unknown,unlabeled,f1fd139fbbe519212a845f04da030589,0,normal
../data/sans_label/dbd318e1-ffe0-406d-ab3d-2c5ab0ab2f2e.jpg,unknown,unlabeled,84c5ad9c5d624cf255ba2aafe8eee8ca,1,cancer
../data/sans_label/dba564f3-2f3a-416a-ae6b-f9716549c9ef.jpg,unknown,unlabeled,0c45787a43ba773e117c1819cda5e022,1,cancer
../data/sans_label/db87f1fa-f718-4bf4-821f-689d5d6e72a1.jpg,unknown,unlabeled,3fd9a297069aa7c7618e27d2858028c0,1,cancer
../data/sans_label/db6624a9-ef0a-45b1-934f-5f9d85458d40.jpg,unknown,unlabeled,e3e2e6b8e22961800a373735c4a5d9cf,1,cancer
../data/sans_label/db184476-333b-40f2-94af-1e4816bd7e58.jpg,unknown,unlabeled,b3875f3ffb2ddfcc3e240f8bee967dd8,1,cancer
../data/sans_label/de13eaea-429f-4c54-b2f4-b7cf1300f44c.jpg,unknown,unlabeled,d3e484207c6b6d5387a6a476d66b4320,0,normal
../data/sans_label/de19d8fc-0059-4bbe-b6df-d10b68613494.jpg,unknown,unlabeled,246a25a4d05b67b63c41b0c27f9204bf,0,normal
../data/sans_label/de1c68e5-fbc2-48a4-a19f-c5c8905b9b24.jpg,unknown,unlabeled,c1d69a14c8a1446a362bde0c4672eee7,0,normal
../data/sans_label/de4a58ef-0572-499a-8b39-437d6605102e.jpg,unknown,unlabeled,8621d24243ee613f8451f51a9fe6894e,1,cancer
../data/sans_label/e25854ec-d42e-4d75-b225-3ffbba81bd9e.jpg,unknown,unlabeled,0ddd5329c7b36f439707378eb3b5bd80,1,cancer
../data/sans_label/e237e598-a7da-4a94-9427-c3ddf64ca667.jpg,unknown,unlabeled,2fb7b3652c6cfc4ea9acdbbe845823c9,1,cancer
../data/sans_label/e1eb7488-1453-4ba7-b7ba-380a7821d501.jpg,unknown,unlabeled,35d351f37eee71f542d6bd7e7198ebb3,1,cancer
../data/sans_label/e1a64f26-0a88-4168-9512-e9444df90d9c.jpg,unknown,unlabeled,c7f31a3418a96991a97f984a00aa8872,1,cancer
../data/sans_label/e1032fbf-6ca4-4df6-bcc8-ae1f48d66f87.jpg,unknown,unlabeled,c0a4d46424a8519e55ea377bf651671e,1,cancer
../data/sans_label/e0f9dcd2-d272-402f-bf67-835a41703e13.jpg,unknown,unlabeled,b228e5fa9829a4a542a5bd366103cf59,1,cancer
../data/sans_label/e0e5275a-7c43-43ea-8ab8-a174f6468481.jpg,unknown,unlabeled,0216f662209f187691d57fa892b946cf,1,cancer
../data/sans_label/e0b8c2ee-5521-4b40-8196-5ae4dee04737.jpg,unknown,unlabeled,669a828f5bce0a505bacbd0221ac9e92,0,normal
../data/sans_label/db048b60-4059-403e-9325-5cf2c459d169.jpg,unknown,unlabeled,a2c265916d749ad62e7811b1389c89dd,1,cancer
../data/sans_label/e061d740-3845-4d3b-a801-0e69b5731e41.jpg,unknown,unlabeled,38d52334d0d699fe8761fdb90691fafb,1,cancer
../data/sans_label/e02525d9-b8a5-417c-a68e-ba1647a63b34.jpg,unknown,unlabeled,c1a9fde351cdaaf62b86c2aee9163875,1,cancer
../data/sans_label/e01c1cb3-c26c-4426-931e-a51b0f0217dd.jpg,unknown,unlabeled,1726d85a312cf2f1125ed7406a3dd86b,1,cancer
../data/sans_label/dfd03d67-6c4c-46c7-be16-7eb248e6225b.jpg,unknown,unlabeled,8a062fc4180c6a0d2af842f79ef77ddf,1,cancer
../data/sans_label/df9ced05-9dc8-4d23-9b5b-ba587bd8d732.jpg,unknown,unlabeled,efb099864b04ae372dcb9ed758097758,0,normal
../data/sans_label/df677e2c-cf70-4a66-8c01-53bf805c8956.jpg,unknown,unlabeled,e0581cc3e0760ffb4658eb9aa99e7706,1,cancer
../data/sans_label/df1daf0e-8da4-4cb2-b0d9-b539980d292b.jpg,unknown,unlabeled,dc3dd5dd1a3c6accccd1a3ca8a9a558c,0,normal
../data/sans_label/de98c91a-04b8-49b4-a7ab-084cd6bbda35.jpg,unknown,unlabeled,583ed92d4c2cb1dfb035a693f2e7b576,1,cancer
../data/sans_label/de57e8f2-a210-4d05-bd94-bc19109592ac.jpg,unknown,unlabeled,41b90e81d3c7ef4bb8a1dbfa94e905f4,1,cancer
../data/sans_label/e04ed68c-5e2b-4a7f-8264-48d99160e937.jpg,unknown,unlabeled,220138d895f2a17affaf8b0c983a9de6,1,cancer
../data/sans_label/d34bebae-f6e3-4909-87c9-005a6a769642.jpg,unknown,unlabeled,cfaa7446ff6efab941a8b665b567f642,1,cancer
../data/sans_label/dab3f580-9417-4c84-9aa7-66b7d25e68fb.jpg,unknown,unlabeled,2f3950108486556fece6e44835bbf445,0,normal
../data/sans_label/da97d7fe-ecc6-4288-a4bd-e2adbfd5b6af.jpg,unknown,unlabeled,2deea1aff27fc24abb1cada618d20108,0,normal
../data/sans_label/d52b603e-de7e-4923-9580-75ecf947f3bf.jpg,unknown,unlabeled,d8762a36311b8b1bf3e9c789d4123f48,1,cancer
../data/sans_label/d5208b23-e2c4-4d68-ad78-d68a7d13aa0e.jpg,unknown,unlabeled,f95a62acdac2243b2d1082f2b6e0ae26,1,cancer
../data/sans_label/d51fe3e6-8514-4b2c-aae8-40de18c3a086.jpg,unknown,unlabeled,2905d668dcd544e54ee84a709f28551b,0,normal
../data/sans_label/d4f8cf82-b040-4ed7-b166-5a13d18de163.jpg,unknown,unlabeled,d2c329827d83e13f492cc44df4e18855,1,cancer
../data/sans_label/d4e48d7d-a758-48d0-820a-9bfca5247ff3.jpg,unknown,unlabeled,cbc847a7f5e594c2dcd6042571e002b6,0,normal
../data/sans_label/d4b29b8d-2d7c-4856-8e61-6119104a1486.jpg,unknown,unlabeled,2c0e7b39f0185890cc1345bbf7b3a879,0,normal
../data/sans_label/d4a9b08d-0fda-4550-b939-2fb71feb1c16.jpg,unknown,unlabeled,ad011a9a005729fa5a97ccfc27e80c6b,1,cancer
../data/sans_label/d49fa95c-5618-4044-a9f8-8951b53159cb.jpg,unknown,unlabeled,7c160f0e36c408a70041909ddb149ed5,1,cancer
../data/sans_label/d48d1803-107d-49bf-80d0-01b0809b9747.jpg,unknown,unlabeled,ce17bc28b2de684712d3e7a26c887f97,1,cancer
../data/sans_label/d47e799f-72ba-44a2-bf5d-7ae07ce44e30.jpg,unknown,unlabeled,9f904a7ae7edd8aece419e5c38ba3858,1,cancer
../data/sans_label/d4497c4c-7c54-446b-bbaa-9baa85d83cc4.jpg,unknown,unlabeled,c70e3cc0e224944d73b102c687743b2c,1,cancer
../data/sans_label/d41b45f0-ff39-43cd-a839-8f4999bf3b02.jpg,unknown,unlabeled,1c8ed47e0ab39c244b2b4ca79f510e04,0,normal
../data/sans_label/d3e432bb-88fd-4a3c-9116-45e4e7753244.jpg,unknown,unlabeled,fc82ad8fc0bd472899db304e3a890865,1,cancer
../data/sans_label/d3c36cd4-2886-4a52-a303-6b0311f4558b.jpg,unknown,unlabeled,635457122fc3ea9136fd04a2fe32c4ab,1,cancer
../data/sans_label/d3b69f1b-5771-4e81-b15f-08ada54b414b.jpg,unknown,unlabeled,b30f2eb57ec015a694a65eea0e6b78fe,1,cancer
../data/sans_label/d566efbb-f76a-4f8c-a9b0-d5073aad669d.jpg,unknown,unlabeled,0733cca726f01cf2353f48ec4fbb0f86,1,cancer
../data/sans_label/d6a73655-128d-4625-ab70-ab7efad2e6a0.jpg,unknown,unlabeled,5943ec4dd3ffa9e503ac0a6bd79f84e4,1,cancer
../data/sans_label/d6e6492e-d3f2-4799-89fb-9582ad25c7be.jpg,unknown,unlabeled,2b491fd3f696d31976855815b839de4a,0,normal
../data/sans_label/d725d761-4d3e-462e-a0e6-8d86aac7930b.jpg,unknown,unlabeled,837fd5b6a90d700c4fd4d3a037761b64,0,normal
../data/sans_label/da727f23-e44e-421e-b026-025b135696c4.jpg,unknown,unlabeled,56257ecbf3ad49eea6f86e432ee480ea,0,normal
../data/sans_label/da5006db-24c8-4cd8-898a-65806cece24e.jpg,unknown,unlabeled,5d783ad6a49707f4dc754fc82afeb123,0,normal
../data/sans_label/da45f349-f490-49d7-8fb6-c427c7ccf898.jpg,unknown,unlabeled,01362830844abfc517a0ef065170f8c7,1,cancer
../data/sans_label/da3f881a-a4fb-48a7-be65-6c393bcf9a4e.jpg,unknown,unlabeled,08fd4c7fc6cfa4a19fbc235ce106216b,1,cancer
../data/sans_label/da060383-ecfe-4455-96f9-72e4218614fb.jpg,unknown,unlabeled,eebd2172357cd09c8ae7c483fdd250d3,1,cancer
../data/sans_label/d9e61628-22de-403a-af05-a4ec0d7767f2.jpg,unknown,unlabeled,4e5bc3f1cdb8ea3faf0339ae8046d718,0,normal
../data/sans_label/d9cd7529-e1e5-47ec-bea6-e71bc5177b08.jpg,unknown,unlabeled,53cebe3d4d238117c38b0c5d5c5cf772,1,cancer
../data/sans_label/d909a015-9977-49ac-9620-1f8644d5c0a2.jpg,unknown,unlabeled,75530991ef74619cf52203ac5464ef7b,0,normal
../data/sans_label/da98b432-dd9d-434f-a2dc-b1871c574a6d.jpg,unknown,unlabeled,61b0d09cbfd03aa2c2d5466526ce0f76,1,cancer
../data/sans_label/d9041cf9-c600-4b70-8d1d-6b51a4bf8bd5.jpg,unknown,unlabeled,33cbcdc899e27d5147d3d7df1ce27161,0,normal
../data/sans_label/d8841e31-81fe-4aed-aace-477d090ce0a1.jpg,unknown,unlabeled,74e3cdd488e22d9f4eb49f64e4d557d9,1,cancer
../data/sans_label/d85589aa-43da-4a65-92e8-6a045c778104.jpg,unknown,unlabeled,ba30a8b1278ad77cfc8407cfbe7b5261,1,cancer
../data/sans_label/d80f6154-710e-4050-9b42-4e25e0427a67.jpg,unknown,unlabeled,12ed4358f911125df9e35aed3264acd0,1,cancer
../data/sans_label/d80b13b0-2d9f-48c3-8f3b-c153e0592ea4.jpg,unknown,unlabeled,4c19d2d634106ee0dbe6e364479260f8,1,cancer
../data/sans_label/d7ba45a9-fa5b-42a8-9115-26f4b02b0d26.jpg,unknown,unlabeled,9e842d6a715a8c5793c524024a28f1db,0,normal
../data/sans_label/d78d1699-60a9-4e5c-9e62-891e750cbab2.jpg,unknown,unlabeled,bf2024b1a7c6612e03d2602cac606f50,1,cancer
../data/sans_label/d75b4b2e-f587-4d23-9795-cb74f398a246.jpg,unknown,unlabeled,a4c5944e4c4c6d9315eb8038be71e674,1,cancer
../data/sans_label/d72ef72f-db7a-4581-ad4e-b86cd54f8b6c.jpg,unknown,unlabeled,cd76aed1ed5081c9e05d2de9956a8a63,0,normal
../data/sans_label/d8a60e0b-1c69-4a5a-9d22-61496a1c0b62.jpg,unknown,unlabeled,afbd1c33510c93010c96edd4b6b937b4,0,normal
../data/sans_label/8003f8a0-800d-41e3-98b6-4e69681b9a53.jpg,unknown,unlabeled,782eb2ffff21f750b34dd694b47b61ac,0,normal
../data/sans_label/74f8ba3b-c1f4-4d7c-9fac-70848ca6a270.jpg,unknown,unlabeled,ea0bf74061f29130af6dc9ec141b54a4,0,normal
../data/sans_label/7ff5b20e-903d-4579-a36f-237da34815a6.jpg,unknown,unlabeled,6a1521afbf569a60fc94a7fb2563ecf8,1,cancer
../data/sans_label/281e0073-c700-4afe-80a6-560e62e13c9a.jpg,unknown,unlabeled,0976dee1beb98d24f3fba5ba047fa329,0,normal
../data/sans_label/27d67b82-affc-4e61-862d-6e2945bede3c.jpg,unknown,unlabeled,c6632b09d3fd376e98817ee6c8013bb3,0,normal
../data/sans_label/27ca19d4-03b2-4968-90c0-855c32d76c13.jpg,unknown,unlabeled,a2ea37368452b40d4f6d19ed4e212879,1,cancer
../data/sans_label/278518df-2894-4e70-8a6f-96d47064ee24.jpg,unknown,unlabeled,0c746e17d16500eee33fe65436ddb7cc,1,cancer
../data/sans_label/26ff3a8d-93cb-43de-aa5a-e71b74348b3b.jpg,unknown,unlabeled,a420c6a8a1a740e3288cbf3c08628ae1,0,normal
../data/sans_label/269f1282-607d-4700-a8fa-3b560422946c.jpg,unknown,unlabeled,f444bff7f8faf2218bae44df7e761846,0,normal
../data/sans_label/26677725-4da4-4321-866b-63a12675640b.jpg,unknown,unlabeled,ac5eeea164dc6b48ea7a50cb00b2f8f7,1,cancer
../data/sans_label/25f9bbfb-a9ec-46ef-8d26-70ff3b5ef97e.jpg,unknown,unlabeled,e61f915d49b6739fa4dcec1a0507d481,1,cancer
../data/sans_label/25e31a25-25eb-4c22-a414-0fb8eae6cf09.jpg,unknown,unlabeled,f041731eb41608d4fcf6ee165daba6f4,1,cancer
../data/sans_label/2572db89-6df6-47a4-b395-a834b8541a28.jpg,unknown,unlabeled,ba8220c44adb27b47ba05e125a6dfcb7,0,normal
../data/sans_label/254784f6-116e-4b70-a5b3-44e924817123.jpg,unknown,unlabeled,3c072250f58990b38f2fd24a471e00a3,1,cancer
../data/sans_label/25250488-7283-4694-9748-af05b55cb8d1.jpg,unknown,unlabeled,4c4ea8103c7a111a1997aa4d8201dc2b,1,cancer
../data/sans_label/24e82706-723d-419a-8f93-519ebabbd8a4.jpg,unknown,unlabeled,580f8803af13892674c176f346ddf85d,0,normal
../data/sans_label/249b655c-d37c-4e75-be45-0e687624b238.jpg,unknown,unlabeled,ed99c22fb61d188c5440ffa2d945849c,1,cancer
../data/sans_label/24747dd0-93e1-43bd-b824-15b973b1585e.jpg,unknown,unlabeled,a8f341126b4009d5f15bb331e08df814,0,normal
../data/sans_label/2439ba57-aa49-4cab-8b55-b20309852f4d.jpg,unknown,unlabeled,3b94bb6dbfc09606ca824c109819664a,1,cancer
../data/sans_label/2836c6e4-a50e-4f96-a057-33405b18de0d.jpg,unknown,unlabeled,7f8f68f6c4dec764a4777e50b061a126,1,cancer
../data/sans_label/28b8dde6-866d-4f55-921b-ba2c9829dac1.jpg,unknown,unlabeled,4be871e63d9041f7774ed03c87e6f6d2,0,normal
../data/sans_label/28f55fc6-1d27-4aed-9b19-96b9075a5622.jpg,unknown,unlabeled,5ecaba5612fa193d3caf81e8953a728e,1,cancer
../data/sans_label/2912ea6b-9800-49be-95bf-43b21cc4d196.jpg,unknown,unlabeled,aaa2f96181190cb13c4c26b4a5d94e3e,0,normal
../data/sans_label/2daa3746-ce60-4272-a2ea-397e5b761951.jpg,unknown,unlabeled,b54711b672ed61e4bf4550406f486ce7,1,cancer
../data/sans_label/2d1efda4-14be-478c-922e-4949e3580eb4.jpg,unknown,unlabeled,12e75af19749f6add0dd791b8496d943,0,normal
../data/sans_label/2c6c06be-eb1f-464a-88f8-6f6ad0f639f2.jpg,unknown,unlabeled,231680c46b87c12cbd552421fcb5ef8c,1,cancer
../data/sans_label/2c4fa56e-5827-4398-8d9c-9b7a8ad5b1cf.jpg,unknown,unlabeled,8064e3b9d9fd6c26f47faa06e87a56a9,1,cancer
../data/sans_label/2c2f3300-5848-4b58-a872-b46d7f8c9833.jpg,unknown,unlabeled,97f6298a26f0bd3954092c2cbf31a09c,0,normal
../data/sans_label/2c053bfd-7f9c-46f1-99fb-36320171040c.jpg,unknown,unlabeled,903e9aee993e2a455a096e3231f479a8,1,cancer
../data/sans_label/2bc7df2a-1e79-4217-8c1d-8ed01ea05d34.jpg,unknown,unlabeled,1dec2b0a390e8c74a007d45322332289,0,normal
../data/sans_label/2baa54db-96b9-4ec0-ab61-c948aaac28e9.jpg,unknown,unlabeled,ecc06c235a471417e79b099d4b582ef8,1,cancer
../data/sans_label/2437d69e-8b9e-41e8-ac0f-06b1b9595cd3.jpg,unknown,unlabeled,da0ba352962bb7bdcd3b255300facc3f,1,cancer
../data/sans_label/2ba54f20-318c-4c04-b110-0ae0b80f60df.jpg,unknown,unlabeled,ed2072775f137fcadf34f1ca159e1e7a,0,normal
../data/sans_label/2a87b19d-f000-4432-b702-9608707d35af.jpg,unknown,unlabeled,fb5a85c9d3787c8ce2a23609eb3fb5ea,1,cancer
../data/sans_label/2a28835d-bf8b-4a84-88ca-822c5e411b6a.jpg,unknown,unlabeled,0629ebb843942988e2c7b58f4a32d348,1,cancer
../data/sans_label/2a1ec20f-9ca1-4804-b5cf-301be078be80.jpg,unknown,unlabeled,a541b4c8d1a6491e88779b7e60250ac9,0,normal
../data/sans_label/2a103299-4ee4-416e-bf86-cb4f06c96897.jpg,unknown,unlabeled,07c3d9c942024567ace99c1a94d92644,1,cancer
../data/sans_label/2a098f48-f13b-462e-9f59-7232cf01db8e.jpg,unknown,unlabeled,0c3ea6aec10da94a65c4cadf804e1d84,1,cancer
../data/sans_label/29db9197-93a5-47c7-bb20-038cf02d25a1.jpg,unknown,unlabeled,c821d50afce65543e9dd11257e725c44,0,normal
../data/sans_label/2918e699-5fee-4936-90a8-7e61827ee531.jpg,unknown,unlabeled,ef800b06f0143fa7498bce3d48ea774d,0,normal
../data/sans_label/2aaee55e-bd7c-4b53-bc10-f0655e9c343c.jpg,unknown,unlabeled,cbffafc55be37f5fa61710fca2a7084e,1,cancer
../data/sans_label/2e039f72-ee1f-4bef-a7ee-ac814fb510b6.jpg,unknown,unlabeled,bf581cfbbe31ff9efc3755d434e5e80b,1,cancer
../data/sans_label/2433d50c-ce05-4641-8db6-515a8a1bf78e.jpg,unknown,unlabeled,9f345da8f4cf0991bf2c3c988fb49456,1,cancer
../data/sans_label/2430d4d6-160d-4b17-b479-6ba9a4181379.jpg,unknown,unlabeled,5aecb880b6823d6ed6f7341d64f2ac17,0,normal
../data/sans_label/201a4b53-cca5-4923-a87f-36178d619635.jpg,unknown,unlabeled,beecf4c3b48c600ea7ddc3032270c9e5,1,cancer
../data/sans_label/2003b9d5-b9f6-40c3-b0e1-dd6118850112.jpg,unknown,unlabeled,702efb2be64653446aa270b65550b999,0,normal
../data/sans_label/1fca4a00-3eb2-4667-9f39-697ae1480926.jpg,unknown,unlabeled,b802acd6e884bdcf551cecca9fdc568f,1,cancer
../data/sans_label/1fc889f8-e3d2-4483-92d2-4f81bcaefe7d.jpg,unknown,unlabeled,9f0ab07e71c80bd54f49052a86ebc683,1,cancer
../data/sans_label/1fafde0a-7b47-476d-943e-47b0018d58db.jpg,unknown,unlabeled,8259477db766551164df3865d8fc454f,0,normal
../data/sans_label/1fa589e0-0d6d-4bd3-9134-961fb3e14f8f.jpg,unknown,unlabeled,1593cbd8dafc8496ba24a24283d90a2b,1,cancer
../data/sans_label/1fa28180-7d76-4715-9775-331fc368a61b.jpg,unknown,unlabeled,8b8c343e2f1d826bf0f416e02b822d78,0,normal
../data/sans_label/1f43b1d5-d6fb-4da9-b952-153230b3d786.jpg,unknown,unlabeled,b7535e2c31fa36480fe511419b7864fc,1,cancer
../data/sans_label/1f3e3789-04a9-4350-8b79-69adf73ce077.jpg,unknown,unlabeled,b250c740c0657995f2137f84a7c6a077,0,normal
../data/sans_label/1f34ffca-95a8-40d1-8ce5-daf2d5186c84.jpg,unknown,unlabeled,6bcd5ed63cc52533933c0e7a8b7c09e5,0,normal
../data/sans_label/1f1d3f05-58a4-43bb-9757-2663d06dc45b.jpg,unknown,unlabeled,c898675bee4d873a6ce5d3d0ca39c45d,1,cancer
../data/sans_label/1eb51839-c8dc-4410-a22f-548285e2ecdf.jpg,unknown,unlabeled,a185d77e23bbbd7dd891c67408a69541,0,normal
../data/sans_label/1e88fb67-f3b6-4cd1-a6c0-70ec6c6c3b1e.jpg,unknown,unlabeled,102803cfe75c8f50f40e4a1d23d55162,0,normal
../data/sans_label/1e7b48e7-c206-4428-ad08-20dc11a6b5a5.jpg,unknown,unlabeled,a74ce769810fca5f38f5c5ea5f71c3ab,0,normal
../data/sans_label/1e6bf052-8e82-45c3-95fe-40f996e5d6e5.jpg,unknown,unlabeled,68f1df6f2619f65ea068382d77fedfab,1,cancer
../data/sans_label/1e07b53a-7dff-496f-8e56-9ffbda1f3062.jpg,unknown,unlabeled,8f9cf68d4dacd7e7ff66a1a6c99df1ef,0,normal
../data/sans_label/20583523-e96c-48b1-9e05-0f9bd74bcd92.jpg,unknown,unlabeled,f817b129ae0c001bf2c87cd21d4305c0,1,cancer
../data/sans_label/2067808c-0990-433a-a8a1-b663f1a460b3.jpg,unknown,unlabeled,f1011413174b52e7306188cbea728ccd,1,cancer
../data/sans_label/20a81a33-5a41-4ea5-8a1c-e6411ad18fad.jpg,unknown,unlabeled,326aaf75fb8c2fbac98626bd351b2955,1,cancer
../data/sans_label/23ca8438-4ed8-44b3-98fc-be7c9ec11e73.jpg,unknown,unlabeled,77b6c45ffdb020251090b134da66e4d1,0,normal
../data/sans_label/239b9986-e7d3-4a2f-a259-0947eef56f52.jpg,unknown,unlabeled,a9a82dacb9d431309b036d50be2c4601,1,cancer
../data/sans_label/2376fe70-b559-4581-bb79-205dc68cb714.jpg,unknown,unlabeled,649192592fde31cec3ba661adee1d24b,0,normal
../data/sans_label/23506eb1-8cd8-4558-836c-1835ee1ca61b.jpg,unknown,unlabeled,f5ea87a3832a7e7013d6a225a6a50913,1,cancer
../data/sans_label/22efad41-71a8-4ac4-8ba7-731a22fc8f0f.jpg,unknown,unlabeled,3e7ffa548655682127358b6d0a96d5dd,0,normal
../data/sans_label/22e19048-13e2-4291-aa71-662bfad293fc.jpg,unknown,unlabeled,bed1ed75fde4382ce9e6937e62f77b92,1,cancer
../data/sans_label/22b4faf1-e172-4bae-86f9-d2635bdcdf5c.jpg,unknown,unlabeled,22a8f2bdb80305148dfe705e61740d53,1,cancer
../data/sans_label/2290b921-dacb-455d-9f85-d91dc2ce5ccd.jpg,unknown,unlabeled,12edf18f5c1deb1752fbaf72d36ca6f6,1,cancer
../data/sans_label/243243ad-a8e1-4761-9800-6d32fb4cdfe6.jpg,unknown,unlabeled,ce4f0281087db4bca897a0f577973491,1,cancer
../data/sans_label/227fd1b8-0717-4aad-839f-606c00e59b2c.jpg,unknown,unlabeled,ba342a2a85f81c8651c21e75a131be40,0,normal
../data/sans_label/21e0f7bc-571d-4917-b59d-94acf6e2ebb6.jpg,unknown,unlabeled,5a72bd63fa8bf74699491b52a7ca94ac,0,normal
../data/sans_label/21ba4389-dd6d-420f-a764-8fec9af826e7.jpg,unknown,unlabeled,9e53725a99328e61c19ddcc775fa227a,1,cancer
../data/sans_label/21915aea-8e4a-462a-a9f0-f28f88d739a5.jpg,unknown,unlabeled,0a819b23bfa5b654df68cb1949b0c57b,1,cancer
../data/sans_label/21797d47-01df-487a-a98c-5bc0c9bf6f41.jpg,unknown,unlabeled,64e213704a5c6f3f5276c53f4e95f555,1,cancer
../data/sans_label/2150e80f-cc5c-4be3-a102-f288c418631c.jpg,unknown,unlabeled,c41c3efe6182b7b812915fb336e75e93,1,cancer
../data/sans_label/214ae8cc-6d28-4f2a-8172-7023efb00d06.jpg,unknown,unlabeled,ae86aaf9626178506ced363a3d378c17,0,normal
../data/sans_label/210facbb-8d77-4a08-9f8e-f52d0c9872c9.jpg,unknown,unlabeled,47ba8a111d27fe25d18694c0f002f09b,1,cancer
../data/sans_label/21012c06-2739-4789-8c6c-7d9dd3a8c0c9.jpg,unknown,unlabeled,b7d83f0612a0a0cf782b58e2002a958e,1,cancer
../data/sans_label/224880e9-c10f-4de6-b2f2-32d06dd8a295.jpg,unknown,unlabeled,0f745eb396b8a652e6ed34e5fd08c208,0,normal
../data/sans_label/1def01bc-1c88-40a1-8c55-e1c748952af2.jpg,unknown,unlabeled,6a035776d32b973f92308d17f359560a,1,cancer
../data/sans_label/2e671412-32fd-4136-9844-f7053b0696c9.jpg,unknown,unlabeled,4745ca6eabbc67f0c1fa47a5f8293d93,1,cancer
../data/sans_label/3a1ca119-8f2b-4337-9df5-89dfc23dc9e4.jpg,unknown,unlabeled,8140279f102dffe391c99c61ca712d03,1,cancer
../data/sans_label/3a0ffe76-2d79-4426-bb1c-e3ae39ef3c03.jpg,unknown,unlabeled,135d26b55a01f7658ce1b1f26fb39c93,1,cancer
../data/sans_label/39adbd1c-e78f-4e0f-97e6-af1cdbbe8789.jpg,unknown,unlabeled,7dbbdb88bdea985746b3232ef02280a9,1,cancer
../data/sans_label/39212733-698a-40da-9b79-43ba2eb9917c.jpg,unknown,unlabeled,931abb8746f147441a76d361d65d9d3e,1,cancer
../data/sans_label/391fa099-33ae-4f27-bbbc-248f072a9373.jpg,unknown,unlabeled,d2862d85bc8554543036caa63ce0cf98,1,cancer
../data/sans_label/379370a3-44c0-419c-941f-dd99692e70e2.jpg,unknown,unlabeled,a217b46246cb12c14b77bfe2a0af36c0,1,cancer
../data/sans_label/37930978-9a33-452a-9f2b-514a882cfcb1.jpg,unknown,unlabeled,40dc41d0f76eab2135b56e1cac8b0e3e,1,cancer
../data/sans_label/36f49b25-9b44-4539-a281-133ea3b82e57.jpg,unknown,unlabeled,080b86140947e801b17bee8fee38e6ed,1,cancer
../data/sans_label/36d73f55-0c1c-4e0e-8d95-44a7a86f2bce.jpg,unknown,unlabeled,518c1e2dd9939b716e70013777f9707c,1,cancer
../data/sans_label/36aa97d2-9e9b-4d5a-8b69-ac719d8012e9.jpg,unknown,unlabeled,1589335ab65f241f9105ff6fbaacb7ee,1,cancer
../data/sans_label/363de948-eb0e-44f4-91dd-c2dc770cd908.jpg,unknown,unlabeled,43381d8595f21d370b77af91d4b7d090,0,normal
../data/sans_label/36237878-c00d-4943-9ae5-66858bf5f88c.jpg,unknown,unlabeled,521f238f39dd52e4eca2d9ba8eea39f4,0,normal
../data/sans_label/3606e8dc-a4e9-445b-a8ee-bf5c97132bbd.jpg,unknown,unlabeled,8a970f73cab8a888fe35e477ed8ef5ee,1,cancer
../data/sans_label/356e6bfb-7450-4b8c-bbcd-a249aff5df0b.jpg,unknown,unlabeled,18baa7be3d01dbcc5d00e1e7b5370b1c,1,cancer
../data/sans_label/356d690f-490f-45e0-8eef-70159517d826.jpg,unknown,unlabeled,324582531630aeed53ce1777f4ba14c9,1,cancer
../data/sans_label/34e338eb-7878-434e-91c2-02c21dd0ef90.jpg,unknown,unlabeled,37c1a18dafac895b6ef7d2f74af372f1,0,normal
../data/sans_label/3a572471-d25c-44a5-a164-1c015e03e655.jpg,unknown,unlabeled,573cdc63783a4e66074bb48b7753c71a,0,normal
../data/sans_label/3ae4539c-96a8-4428-a555-29753b701ce0.jpg,unknown,unlabeled,ac0035b52c6c7793f4f5b2e3bd33d15d,1,cancer
../data/sans_label/3afd9d56-d6e9-4d81-bdf7-2ee60e20f366.jpg,unknown,unlabeled,8b1908755202feabf9fee75c2fa2b767,1,cancer
../data/sans_label/3efef3cf-866e-477d-8371-ce2de57bdb8b.jpg,unknown,unlabeled,384aec82e9646340d43735bc4353842f,0,normal
../data/sans_label/3ead2ab0-c386-48b7-8e2f-77b0a7219695.jpg,unknown,unlabeled,0352f98a7617048b8f5ccae730fd0da4,1,cancer
../data/sans_label/3e5acc42-321e-45eb-ba51-ecca20a29587.jpg,unknown,unlabeled,ab800bfcc96ae226dad6583c6ec3f683,1,cancer
../data/sans_label/3de3c09a-52bc-4915-bb84-61a0cfedf855.jpg,unknown,unlabeled,21d8e6cfe1277ccd06da40b2e2b26fab,1,cancer
../data/sans_label/3dba1589-a66c-4282-afe8-5b25c19a2990.jpg,unknown,unlabeled,271fa1b7a90faf89b8cf82c062debd44,0,normal
../data/sans_label/3d93aeef-b3f6-4b56-a9db-271eb2a012bf.jpg,unknown,unlabeled,5c44793786c5f25bf613db98b42d0fb8,1,cancer
../data/sans_label/3d793a95-4fa0-4cd9-8017-0dd7e5fd1d20.jpg,unknown,unlabeled,8b08a75e067ed64d30536cb75454e2c0,1,cancer
../data/sans_label/34b18f32-9585-47b3-8b06-e3f3f824cc4f.jpg,unknown,unlabeled,0a7def3ae941f8acdc9a1a8bc242b044,1,cancer
../data/sans_label/3d6aa1fe-6c9f-4afa-a499-dc909d838e98.jpg,unknown,unlabeled,3ee958d8d33e6b72d59f2d6d088093a3,1,cancer
../data/sans_label/3d044239-3bcc-4511-a52f-c415b51e5f58.jpg,unknown,unlabeled,57c1442090753a3ec39cd30c25782ee6,1,cancer
../data/sans_label/3bf6c1a5-f039-4408-8034-4c575ab55e7b.jpg,unknown,unlabeled,7b6f5de2a0915a9e4f4dc32f0902e2d4,0,normal
../data/sans_label/3b9acde3-0830-4ad3-95ac-fd47b5a7f2e7.jpg,unknown,unlabeled,7329fb35051cb36deb132befc60a5779,1,cancer
../data/sans_label/3b763d9e-91a1-403e-8c0c-edd716c08251.jpg,unknown,unlabeled,ac77ba86b6924572ae350c5ca874094e,0,normal
../data/sans_label/3b44606b-e7fe-4d15-9609-d11cc657fd6f.jpg,unknown,unlabeled,251eb111dbd00453e9803c78f1577689,1,cancer
../data/sans_label/3b1f05e1-7b97-4e82-9574-61f36a179d1c.jpg,unknown,unlabeled,481668ce55fc46dbe86d112fdf2c4163,1,cancer
../data/sans_label/3b0a6481-33b8-47b5-b1b5-a87f612468c8.jpg,unknown,unlabeled,ee1534c5c26f0aa9e7e6ab26bd35ec83,1,cancer
../data/sans_label/3aff54be-b7ff-4071-abce-a25915bb0453.jpg,unknown,unlabeled,d9bf6e99d496bbe6f6a5bccb8f6b5dad,1,cancer
../data/sans_label/3d19107a-9578-481b-9063-791dd3c2f06f.jpg,unknown,unlabeled,b95f9aca83d0505cf147707918f54e12,1,cancer
../data/sans_label/2e255b7b-ccf0-4e3a-95cf-eb4460d5ae85.jpg,unknown,unlabeled,297a34b38c6941849685bee0d007ecf0,1,cancer
../data/sans_label/349a5dee-ae7f-4de8-a34f-b34f593d1b60.jpg,unknown,unlabeled,e0cc1cac85bcc967ee98761edcc1f551,0,normal
../data/sans_label/34540c92-4a23-4cfd-98ad-f3c6b3945f4d.jpg,unknown,unlabeled,ef722f815cfad43a52ffbea353edeba0,1,cancer
../data/sans_label/30c19127-f3e9-421f-9847-dcf07db7d493.jpg,unknown,unlabeled,3e69ee4510ff5eaabb62f6f70a8e4949,0,normal
../data/sans_label/30542835-e44f-4f33-b4ab-2cdaa7095eaf.jpg,unknown,unlabeled,a28090e6960f2d7ddc596b2f38b5cd39,0,normal
../data/sans_label/30244647-0ef7-459e-b72f-1aafa4b277c6.jpg,unknown,unlabeled,d308ba5fe9d803da8917b1a148ecb33b,1,cancer
../data/sans_label/302226bb-03f5-437b-8f97-f023756010ae.jpg,unknown,unlabeled,1b6094746874f12cc347586c1b959b67,1,cancer
../data/sans_label/3019cc7d-ae57-4887-9d9a-b1b063478a62.jpg,unknown,unlabeled,6e198a2b0ebb134c6ceee924e594705a,1,cancer
../data/sans_label/2fac4138-8d2b-45bb-811b-0f0890b0af58.jpg,unknown,unlabeled,3d9f08d5a1a3ef016e831e777d93b516,0,normal
../data/sans_label/2f8b9176-5606-4628-9a01-8ba1870e4eba.jpg,unknown,unlabeled,a80cd17a600054d66c161c51578e783a,0,normal
../data/sans_label/2f75f594-2252-4e72-98a3-19b63f7a8bb0.jpg,unknown,unlabeled,c0263280dfc629d51b5f09a6ccda99a0,1,cancer
../data/sans_label/2f4afc63-e538-4ff1-9171-cfec5ea3ac60.jpg,unknown,unlabeled,e389f9dcf79ffb9f0837d63b41a12229,0,normal
../data/sans_label/2f29298b-db7b-4513-97c2-fed64d1f884c.jpg,unknown,unlabeled,8d4a60e6f4a84ac3d35b9a2eddf68bb6,1,cancer
../data/sans_label/2ebe1d0a-8b43-4ca1-b375-8aad317ab286.jpg,unknown,unlabeled,f32fe6d75d7c1065a39854d7733a388a,0,normal
../data/sans_label/2eba5393-94d5-4341-b3cd-2f6f26e27b78.jpg,unknown,unlabeled,3e4b7b96c7a204bcbfecde6b6d21f011,1,cancer
../data/sans_label/2eb47d1a-f7b6-447b-832d-5d56ef7be20c.jpg,unknown,unlabeled,1b5504f06c239f6698c79a32898a1c53,1,cancer
../data/sans_label/2eadfe64-153b-4bd5-901e-13081fb7255b.jpg,unknown,unlabeled,a68966cd08659d9511db15e6ba01a700,0,normal
../data/sans_label/2e9e766f-a7c2-4f8c-92e1-5cddb977bca6.jpg,unknown,unlabeled,8866d9d030ec8ff0e97e08461124ac6b,0,normal
../data/sans_label/2e851a56-15c3-4063-b004-382142142e97.jpg,unknown,unlabeled,5bf0334d34625b33a13afeb5f912b2c0,1,cancer
../data/sans_label/30f4d898-458b-420e-b687-9fd4a12eedcc.jpg,unknown,unlabeled,1bc30f41eddd66b87b45df30c1a18913,0,normal
../data/sans_label/30ffee72-6e84-4d01-88a3-a09769c1b6cf.jpg,unknown,unlabeled,832672e6856f12b56ebbdc21d0421f0d,1,cancer
../data/sans_label/3131e231-a5f8-4a5d-99e2-166cd2bc6122.jpg,unknown,unlabeled,6cea16972be276d79e5de93f57f576b8,1,cancer
../data/sans_label/31456af0-7c27-436d-9ca4-d9bb1477ad63.jpg,unknown,unlabeled,8875b065fd758c4adb7909a181dadf83,0,normal
../data/sans_label/344323e8-0de6-4be6-96c8-8500ac8cc99a.jpg,unknown,unlabeled,4564ce2957e946936aebbe7551db207f,1,cancer
../data/sans_label/3439c8c8-38fc-4eee-9cf8-2aa45984ef2f.jpg,unknown,unlabeled,5c70315662ff790c479e4299c7cadd75,0,normal
../data/sans_label/342d6428-161c-44ed-9d64-06bcf5dce28e.jpg,unknown,unlabeled,6f490c4ec4c6d9a8e76896efd02958de,1,cancer
../data/sans_label/33a6d838-67db-4ad2-a67a-b4d4b641ec8a.jpg,unknown,unlabeled,c1cdb59b6cf1dc58a43b43b9a9f0f3b8,1,cancer
../data/sans_label/33a155f9-8a6b-44fc-a8ae-7113b07b8f91.jpg,unknown,unlabeled,f75acd6fcaa4a4f48f7975de07d125dc,0,normal
../data/sans_label/3387325e-d04f-474f-b92c-ddcd30ec1459.jpg,unknown,unlabeled,fadc0138a9ba45be0e5a01add9605270,0,normal
../data/sans_label/3321576b-367a-4938-8d64-67e51250b119.jpg,unknown,unlabeled,95c59d6df28f80687af3ca95ad9bf2ed,1,cancer
../data/sans_label/32e39df2-7d70-4840-9499-a67e3732c15e.jpg,unknown,unlabeled,067519d4864353ef20f530855ff675ac,1,cancer
../data/sans_label/3467158c-3697-47f1-a536-52cca45f79c2.jpg,unknown,unlabeled,4167dcdf66aec1b75165411bc3d769a4,1,cancer
../data/sans_label/32caf3b1-12a7-4479-8100-ba6bc4871c19.jpg,unknown,unlabeled,76e5d0c3f465583f9a385c10d2a1e2dc,0,normal
../data/sans_label/322e02de-5c43-40b3-ba94-1c8992d000a9.jpg,unknown,unlabeled,2d9aab6a7d94b5245a018fae82240b0f,0,normal
../data/sans_label/32179fa4-f41e-45cb-b8fd-a5ed748b6e0c.jpg,unknown,unlabeled,e4b7d4db391382fe83389dce2abbe627,1,cancer
../data/sans_label/31e15e3c-5481-462d-99cb-29091c42cab8.jpg,unknown,unlabeled,58db97381a126a566a919c22f62a4c80,0,normal
../data/sans_label/31dfb326-02c8-43d8-9fe9-b71554519dbb.jpg,unknown,unlabeled,6f33cb7a943b3f0de93155e7ac9fddff,1,cancer
../data/sans_label/31d0ec8d-0411-438f-9ab2-ac02f0bb5775.jpg,unknown,unlabeled,7609a9b5324735ddfe95b686ead59b69,0,normal
../data/sans_label/31cb7436-c933-4e01-a60a-d8e7ede8fe68.jpg,unknown,unlabeled,01901b2447bc766c5556cf1b73bb4047,0,normal
../data/sans_label/31a2a5e5-aa2b-423f-ac11-509e43e10517.jpg,unknown,unlabeled,af44d58060326c393f4d199203037eec,1,cancer
../data/sans_label/317c9a6a-1657-4c88-9c01-fb2ea0863b01.jpg,unknown,unlabeled,de3c31256c796d97bea84c8f957f9e0d,1,cancer
../data/sans_label/3274a331-b75d-4a2d-98ef-9a479a6c0bb4.jpg,unknown,unlabeled,88f6f5770a64ee2f272c4e8339a346bb,1,cancer
../data/sans_label/3f29902a-53f3-4335-9b45-fea429402145.jpg,unknown,unlabeled,e96fc76a1fc64f84162d1fa752168ae2,0,normal
../data/sans_label/1ddf5fa5-9379-423f-b599-cd9c7e6aa42c.jpg,unknown,unlabeled,438b0f11aba942e03df62139573d6101,1,cancer
../data/sans_label/1dc2c0d1-bf36-4b03-a250-1ecc3be7e8fe.jpg,unknown,unlabeled,f829ac9d44a68d5100d1df4148cd2c49,1,cancer
../data/sans_label/0a781fe5-1d36-4035-8553-590e618b8ff2.jpg,unknown,unlabeled,28fcb9f31deccc4655b9fe4b3e62a3ba,1,cancer
../data/sans_label/0a592d17-b235-4d1f-950d-c90598e5d19e.jpg,unknown,unlabeled,18497528d15d13bca2f54db2d67bac89,1,cancer
../data/sans_label/0a3ac056-66c2-4c74-a857-07670a84928e.jpg,unknown,unlabeled,bfe88746e55f3a4b70dc16e23b5df402,0,normal
../data/sans_label/0a2bf85c-5b87-4069-8d47-059594d7fe95.jpg,unknown,unlabeled,81e2f535b8eafcaadd13cb3d79989b3e,1,cancer
../data/sans_label/0a196d89-4764-48b9-ac68-a8b1cb03d713.jpg,unknown,unlabeled,4549c89237f4d05c026e4a2695d65bbe,1,cancer
../data/sans_label/09f30dac-5d5f-42bd-b9b9-43befa636dfd.jpg,unknown,unlabeled,50bf691e0df64786d46c5d6b829ed21c,1,cancer
../data/sans_label/09dece73-b184-494f-b636-f5d3113b6f3e.jpg,unknown,unlabeled,c303002905d628c8c988656bcfaf1e90,0,normal
../data/sans_label/09d56396-71e1-4c05-bf3f-ad755cb175a3.jpg,unknown,unlabeled,92f5380df8732756b9c78af034dbeeda,0,normal
../data/sans_label/097aeae8-d3da-4201-ac6c-fb697ee9df68.jpg,unknown,unlabeled,9e9318a9e4b06cbb1311e9c59f4d53bb,1,cancer
../data/sans_label/096ae32e-065a-4a00-959a-e63b1b5c77d6.jpg,unknown,unlabeled,700f77062e19524513dee4f75b467340,0,normal
../data/sans_label/0905a879-d869-4756-ab7a-b2f01e7dd122.jpg,unknown,unlabeled,d742c7c7bab5114bdcae4f32a6f94f87,0,normal
../data/sans_label/08d0d2e6-01f2-4344-b1a4-d603101b76a3.jpg,unknown,unlabeled,8cb32ba7788ec1f0e8eacdece8b138d7,1,cancer
../data/sans_label/0850ca4c-e6e0-44ef-be80-ba3fe3d84483.jpg,unknown,unlabeled,44d156cdad6302523e1faf6228e202e6,1,cancer
../data/sans_label/0822f067-f5e2-477d-8005-3ad857c4c1fa.jpg,unknown,unlabeled,feaf42689d8e154aec26fa38008922e1,0,normal
../data/sans_label/07ee903a-9246-4463-8250-6cd90eeaf08c.jpg,unknown,unlabeled,a14b76f12f34b25776c1b86c53db6066,1,cancer
../data/sans_label/07eab220-96c1-466e-b2eb-ab8789548e89.jpg,unknown,unlabeled,33c78c190c8ac8fa8080af441d233f4d,0,normal
../data/sans_label/0a82d661-71fa-4297-a271-e0f105fb5493.jpg,unknown,unlabeled,ca7259d62e3baef215449cbdec4ccc11,1,cancer
../data/sans_label/0abaa5bb-40b8-4646-ba24-fae12891b8a4.jpg,unknown,unlabeled,3cb5be917ddb05aa11764885cb55ae97,0,normal
../data/sans_label/0aed155d-d211-4e46-b762-25feff9a042d.jpg,unknown,unlabeled,df0ffeec02451836cdb7d0e914c3c4b3,1,cancer
../data/sans_label/0b1c07b9-ac3e-4107-8832-5399525f3b1f.jpg,unknown,unlabeled,edc53f89f25f1b2edffe55bedca51dae,1,cancer
../data/sans_label/0e03c995-5e01-4d93-99bc-24db1ad09cd7.jpg,unknown,unlabeled,de4c18d373b9259199e15b5971ad751d,0,normal
../data/sans_label/0de780a4-968f-41d7-9729-af487ddfa1a2.jpg,unknown,unlabeled,fa07317d6879f084f246b87916cd06ad,1,cancer
../data/sans_label/0de779c6-c7ba-46c7-a6be-3ada2795c545.jpg,unknown,unlabeled,a05c5f39e7a765ed85bc9d5a77cb58fb,1,cancer
../data/sans_label/0d525cdf-aa38-4dd1-bc4b-df94ebdad32f.jpg,unknown,unlabeled,f44795dac264f7584268b2c8a94ef622,0,normal
../data/sans_label/0d0ce970-cc7f-4ce2-8e42-65e259b5d2f7.jpg,unknown,unlabeled,54e7bc708e65413de7631794a8cb46da,0,normal
../data/sans_label/0cd4183f-123d-44ca-bb0d-040f9e698d24.jpg,unknown,unlabeled,22a31f0e7faaab5e38a68c59ed2f2277,1,cancer
../data/sans_label/0ccc544b-06cd-4130-9864-0a94a632093b.jpg,unknown,unlabeled,0eb0ae0f8545b5363eee847d9d4a54c1,1,cancer
../data/sans_label/0746ecad-9485-4245-a119-cdbe6f074d7a.jpg,unknown,unlabeled,44232162a2f051e85b482a261ad8d3ca,0,normal
../data/sans_label/0cca1e2e-17f6-4f0d-a3f6-c2af1ca03d8a.jpg,unknown,unlabeled,57a5495e0aa3e126028c6fcda19339c8,0,normal
../data/sans_label/0c4c60e4-3201-429c-93dd-30c36ef4e2b4.jpg,unknown,unlabeled,d18b6967721ca0ff25077f14b10959fb,0,normal
../data/sans_label/0c2d6a27-24c2-43ff-9743-f080dca7d2aa.jpg,unknown,unlabeled,38bef2de3173fd24cb1af3a917af2a1e,1,cancer
../data/sans_label/0c0e7e81-ea8a-4854-901e-bf26be7514a0.jpg,unknown,unlabeled,67e92fe3ac5333a9ab910b78801a6418,1,cancer
../data/sans_label/0beafed8-1e3b-48a3-9bdb-4dbf96432dfd.jpg,unknown,unlabeled,22b466667fc768908f25b1f0673d9514,1,cancer
../data/sans_label/0bc4000a-21dc-4b24-9d43-888d8696b860.jpg,unknown,unlabeled,115ae3c3fcee773f9e6bbb99a43a7b9e,0,normal
../data/sans_label/0b95d2b0-db4a-4f15-a620-032b1b40cbea.jpg,unknown,unlabeled,16ae71ebdd5dd33e00b874fcbb442682,1,cancer
../data/sans_label/0b89c970-7727-4316-af01-1b2ea58abecb.jpg,unknown,unlabeled,76ff1a8ec4f79874a376c8504b0442ff,0,normal
../data/sans_label/0b52ef0e-2a70-40c9-902d-2fd6ce8f37bf.jpg,unknown,unlabeled,f68a2620cf1b6259ee622d432538d5b3,1,cancer
../data/sans_label/0e330b05-12c4-46f5-bcc8-edde0faa0b9e.jpg,unknown,unlabeled,dd6b3fa3c225ed7d1cfe355776c9395e,1,cancer
../data/sans_label/070e4686-675c-4c4a-a61b-d9d8ed236c7a.jpg,unknown,unlabeled,5522aa3bd241b57ed05c1896e7267a53,0,normal
../data/sans_label/06c78a2d-9a5c-4249-b2ea-a4b267021c70.jpg,unknown,unlabeled,d499f539f0873d3fbd3a0f4a6a1fe532,0,normal
../data/sans_label/02af8a8e-3c79-4a3c-8412-52f483eb9411.jpg,unknown,unlabeled,e6bf922bee61cbace3ca90c6eead6ee1,1,cancer
../data/sans_label/0208c07c-bc4b-4741-ad0f-d5beeb18cc52.jpg,unknown,unlabeled,74497c027553e6d4958c5bdf13fc4b8c,1,cancer
../data/sans_label/01fa1329-7524-49f5-8f11-bb9d8717a3fe.jpg,unknown,unlabeled,bb17cb94baae9bc38626e782133380c8,1,cancer
../data/sans_label/01f4b8d2-56ed-4d82-ad41-6864de091425.jpg,unknown,unlabeled,ffa80b377de0e60aa8fb8f5032191831,1,cancer
../data/sans_label/01e09766-fcd9-4df0-82f7-265f9ffecdf6.jpg,unknown,unlabeled,6dd1695812eb9fdc66efaa2d3a757786,1,cancer
../data/sans_label/01d1f0ed-5070-45a8-ad26-f8a95ebec98d.jpg,unknown,unlabeled,f67fa803eb77f143678540cb9dc3df11,0,normal
../data/sans_label/01717fbf-4bcf-475a-a718-361ed07d2854.jpg,unknown,unlabeled,38a9d16fa64cbdd1df3b59afcbcb7fdc,1,cancer
../data/sans_label/01274f5e-3064-4efd-af4b-38e164188c31.jpg,unknown,unlabeled,62db474ccfa70f6a0713ffd7f3f814b8,1,cancer
../data/sans_label/00e9e198-79de-47ab-9f4e-7b76152324bb.jpg,unknown,unlabeled,de725cdee25ab38dc4885fc89efaf59f,1,cancer
../data/sans_label/009eac4a-c951-4da9-852a-b32e9ce20c6e.jpg,unknown,unlabeled,b4d90d6397b01639f2f67ca3477ffa89,1,cancer
../data/sans_label/009e9d31-9f37-4d97-a941-81501294c403.jpg,unknown,unlabeled,7c8543cc4b3a4a8dd333cbf282fbd1b7,1,cancer
../data/sans_label/005d9a37-8894-4eb5-8367-1015d4a43638.jpg,unknown,unlabeled,7c9e2a1d469cd64863fc0b520f6c8a3d,1,cancer
../data/sans_label/004ce5f5-ca6b-490f-9b2f-c322c152e2ee.jpg,unknown,unlabeled,f7f000dd50cf8b1b065109dee126f364,0,normal
../data/sans_label/00455a62-f79f-4072-9a23-4951e759acdc.jpg,unknown,unlabeled,b7211326432c7ea6d1702f4410dfc82b,0,normal
../data/sans_label/00366e8d-5520-4d3c-a70b-91a7eec1f521.jpg,unknown,unlabeled,dc1ef60c1123b6c0b1340b724c744954,1,cancer
../data/sans_label/001b158a-7af8-451e-bf31-3a9116265f3a.jpg,unknown,unlabeled,bc3f2bf5944a1f0df9c7a9827d5dbfd9,1,cancer
../data/sans_label/02d2c771-7bf5-4771-972c-7f123088b7b0.jpg,unknown,unlabeled,fa2c26e4cd43423712d222b66f5239f1,1,cancer
../data/sans_label/0303753e-919b-4947-8e55-4fc922bfbe35.jpg,unknown,unlabeled,40f3e9382e1dc308322d8ebecf55d5b4,1,cancer
../data/sans_label/030d0b45-ee70-41f9-9e56-2581052b2c18.jpg,unknown,unlabeled,7bcea1504e2820d1a5c9de704a8462a7,1,cancer
../data/sans_label/03bd85ef-651a-4f93-8569-786dbfd37965.jpg,unknown,unlabeled,ea76b12dbf8730867bbaaa360b502ef0,0,normal
../data/sans_label/06b17341-f3bb-4f31-8198-1ebdccbe2367.jpg,unknown,unlabeled,df30b590e46e7b1da335e112c673625b,0,normal
../data/sans_label/06a76102-9548-4dab-9572-e78259fa082e.jpg,unknown,unlabeled,02669335bdbc024387942023e34d434c,0,normal
../data/sans_label/06952e36-f936-456d-91b3-fd950445dcc9.jpg,unknown,unlabeled,653fee8d116d3225f8014cdd9ed66881,1,cancer
../data/sans_label/06819cc7-d34d-484f-b79a-60c01e7770f4.jpg,unknown,unlabeled,0857528e5d5f35675c7a2896c19fe549,1,cancer
../data/sans_label/06738ba6-51e3-493c-a215-6fcd19d005ca.jpg,unknown,unlabeled,1f89c156a8866d0bb77fe3c1d44df05a,1,cancer
../data/sans_label/063a6210-0d77-4f8d-96ea-6a4814c37995.jpg,unknown,unlabeled,c77b774fd527e75a8064495df53223a5,0,normal
../data/sans_label/0598d2d0-ffa7-4d6a-9a58-0fb41dc6536e.jpg,unknown,unlabeled,75b44fe365d1c489595d6e77934ac21d,1,cancer
../data/sans_label/06dd4af6-faf7-4661-a3cc-c5a30e01bb74.jpg,unknown,unlabeled,8f1da75691bdaa2b592255d27ab8655e,1,cancer
../data/sans_label/0526db38-5dff-48c0-b682-0c4ae12fc125.jpg,unknown,unlabeled,8078d7522c185ae2a71d2ac23b71e84e,1,cancer
../data/sans_label/04d0fcb7-0b6c-4c7b-8dd2-aa70037a0b29.jpg,unknown,unlabeled,b32493127e3d2fdd61f42d08d11c0931,0,normal
../data/sans_label/04d076ce-4216-47ba-9013-6fe6956c7aed.jpg,unknown,unlabeled,13e251c7e8792c1452cf50305bc30768,1,cancer
../data/sans_label/04b806ad-e6ed-47bc-a2e8-ce0d2d790de4.jpg,unknown,unlabeled,43296178540991c86b43a61ad6c20fd1,0,normal
../data/sans_label/0490c1d6-1860-4838-b5b4-b8f5d0ee5b6e.jpg,unknown,unlabeled,545928154facc496d40efe7fc7f98963,1,cancer
../data/sans_label/047c949c-1610-4094-bee7-10b6ea7064a5.jpg,unknown,unlabeled,defe6d50bee7a8947af4894dcb4a442d,1,cancer
../data/sans_label/0477e002-4775-44e2-84d9-52b93f5ee697.jpg,unknown,unlabeled,80dfcff3011eda03bd5a1ca00a7a4820,1,cancer
../data/sans_label/046474d2-fe65-4639-b211-4d0bb8ad7a43.jpg,unknown,unlabeled,606ece1d4ff3dd846c23a8ce9b899106,1,cancer
../data/sans_label/03c5ec29-9720-4c07-a8e1-4a8a70852f40.jpg,unknown,unlabeled,90786f19441aa7a8b404b7c30470c0db,0,normal
../data/sans_label/050d57f6-aebf-45d9-b4c5-045e92c9e88e.jpg,unknown,unlabeled,dfb8b42984f520c221b05ee5372b2ede,1,cancer
../data/sans_label/1dd22de5-a53a-4697-a3b0-9f24f35fa7e9.jpg,unknown,unlabeled,48fe02c382d11b5a5b79890cb521ec97,0,normal
../data/sans_label/0e41c296-eebe-4d49-aa8c-b267bae40310.jpg,unknown,unlabeled,d4d1213c9d03aa8fa2093ed24a7a3555,0,normal
../data/sans_label/0e50ebae-64c8-4178-bca4-de37b348acdf.jpg,unknown,unlabeled,26603b68c546386a5531c4362a933b4c,0,normal
../data/sans_label/18322501-e80d-4458-8d1b-1d3485ca3a6a.jpg,unknown,unlabeled,804e6f7e35f317fb5080eb3a1fb9a2ab,1,cancer
../data/sans_label/18011cd7-53f6-4189-93f0-9e5456154720.jpg,unknown,unlabeled,a7ec701e46d07dba8ac3f5a2e8b243cd,0,normal
../data/sans_label/17fa3bf0-3fe1-44ae-b516-d6ef2f23fa48.jpg,unknown,unlabeled,4ec9d63218cb285bb324d75bb0a5dc19,1,cancer
../data/sans_label/17a51238-6b2e-4a63-9fa4-232fc89bf6a5.jpg,unknown,unlabeled,21b9b65e7ddb2a9361804d490da70c39,1,cancer
../data/sans_label/17a0afbb-f7eb-415b-a909-14d625a20c49.jpg,unknown,unlabeled,1144a7a5314f985b70576d666f329e64,1,cancer
../data/sans_label/1782f7fc-1cda-46c0-a644-e2d6d6ab8301.jpg,unknown,unlabeled,ed3e1baee15bdf60b84f2242e356a927,1,cancer
../data/sans_label/176911ef-fb4a-4bd2-b480-df63e7ef8ea7.jpg,unknown,unlabeled,c7f921cf1d93b6dd0ea92afbd7150bb3,0,normal
../data/sans_label/17435d59-0819-4e99-b85a-435e13079291.jpg,unknown,unlabeled,8aae61c0a03711bee7893e810fd72f0a,1,cancer
../data/sans_label/1734f1c3-dc3a-4130-a94f-9836c8db4458.jpg,unknown,unlabeled,7504fab521485f7b974e03772e307d9e,1,cancer
../data/sans_label/16f86049-de6f-44e6-a7f0-5d46a223cee1.jpg,unknown,unlabeled,3ec2ea9f29d7ab87722f375085c8f39f,1,cancer
../data/sans_label/16d0e74d-62f5-40d8-8f2f-3ca4752c3203.jpg,unknown,unlabeled,9a7a0bd940ab911cabedac5674079057,0,normal
../data/sans_label/16cf3809-cbe8-45b9-8cec-3fc528ec5f31.jpg,unknown,unlabeled,3d026e66ba27598730fd839f775e1695,1,cancer
../data/sans_label/16c95930-a0c3-49d7-9d09-813d796db9e7.jpg,unknown,unlabeled,d44f5fe0d1201d3488630d58bca9e663,1,cancer
../data/sans_label/1672b52c-2238-4e29-91b7-0be7113b6870.jpg,unknown,unlabeled,722f93fe51ed7b9e2601c1006182f12d,1,cancer
../data/sans_label/165b8eae-0f3c-47c8-b5ba-eabf18b15000.jpg,unknown,unlabeled,581e6bf55abb26279a6ff859f59dba3e,1,cancer
../data/sans_label/160219f1-5b85-4655-b7ca-038a20164df1.jpg,unknown,unlabeled,8a52aec9f6252734adf03e4ab6ed7e24,1,cancer
../data/sans_label/15e2a58c-8b50-481e-bcb0-b9b4b2e16a26.jpg,unknown,unlabeled,8cca56df7548f44988dc78d11d2d66f7,1,cancer
../data/sans_label/189fe672-dc1c-48b9-a4e7-aaa7ebee30f3.jpg,unknown,unlabeled,627cab8cef12384680251ba5d3c9a7b8,0,normal
../data/sans_label/195f3bcf-ce89-41d8-a330-8fe8389a9a63.jpg,unknown,unlabeled,8e7c6f019534c242170cf7d436f81e61,0,normal
../data/sans_label/198fc151-a170-4ede-8b54-6a8d66af4741.jpg,unknown,unlabeled,1619d316fcdee8974645118cc25a6a8c,1,cancer
../data/sans_label/1d9eb250-cca0-4666-834c-640166b27b3e.jpg,unknown,unlabeled,3d7311be68f2708b8ccbe6fbce5e35a9,0,normal
../data/sans_label/1cee76e0-5ad8-4ae2-be33-b5779fc7ca5b.jpg,unknown,unlabeled,21458b59c1c752f85c99e74355c8185e,0,normal
../data/sans_label/1cdb5a0b-e8e5-46b1-a9aa-da15d21d070b.jpg,unknown,unlabeled,aaa6b72ac1db926ff6020730c1c190af,0,normal
../data/sans_label/1cbec944-70f1-415e-a62d-192ca92c0cf9.jpg,unknown,unlabeled,aea265a05d8b8db9d429f463f99177b1,0,normal
../data/sans_label/1ca0593f-48ae-478a-b80e-6c70b5fc180c.jpg,unknown,unlabeled,145f5ebf93ff653ad8db12d2793bb1eb,0,normal
../data/sans_label/1c4c6352-597e-4e49-8cb3-3e6197d9661a.jpg,unknown,unlabeled,9ff65822e053e9dfcc65e81cc66eb7a6,1,cancer
../data/sans_label/1c33c5bf-5966-4745-9ba0-1b0b2e724c6f.jpg,unknown,unlabeled,eccf3853ba4b72abacc4bd19454b6178,1,cancer
../data/sans_label/1bfd6d5d-3222-4643-8bcb-2aee360b7c0e.jpg,unknown,unlabeled,79fafebb38bb7b2ed398b4bbde791a30,1,cancer
../data/sans_label/156ff8c8-8941-4692-8d13-a6e19a755277.jpg,unknown,unlabeled,fe69f5b538fcca507859fdc97432ea55,1,cancer
../data/sans_label/1be11da9-3864-4551-b6b3-e5a860d5bc3d.jpg,unknown,unlabeled,f35c9e94c3cac1940dd31752d5ece862,1,cancer
../data/sans_label/1bc063fa-c3ce-44e1-bd90-7e9aab3fee83.jpg,unknown,unlabeled,e72e35926a54b9449f1b90aff1f6cb52,1,cancer
../data/sans_label/1b9cf459-c862-4782-9464-49f0a37a484d.jpg,unknown,unlabeled,4149a70908fdc43b9c92d197daef9904,0,normal
../data/sans_label/1b73a930-df46-4138-9999-c2196a5dfe55.jpg,unknown,unlabeled,d6cdcee3b644f0e9a23d7cf900ab09d1,1,cancer
../data/sans_label/1b12dae4-85d9-4b23-b93c-ebbab0eef531.jpg,unknown,unlabeled,04124a4673bde639cfd97b7281a2808f,1,cancer
../data/sans_label/1ac88e1b-f635-42c4-81d2-e8c784b8fd33.jpg,unknown,unlabeled,ec9c204d876f694db8549ef8a0c3f75a,1,cancer
../data/sans_label/1a3bf8e3-abb6-4200-b899-c756bee02d81.jpg,unknown,unlabeled,1f806504bdf71ac6ae6b97a9f819d4dd,1,cancer
../data/sans_label/1a308b44-87af-4ff2-8b88-da32c6df05af.jpg,unknown,unlabeled,7d48c3150323c0bcf539e66c2f794a06,1,cancer
../data/sans_label/19c67523-55dc-44b2-8887-a1e7f3f7eddf.jpg,unknown,unlabeled,24cfbbecc9680afd9e85dcd51cd6da48,1,cancer
../data/sans_label/0e429956-8bfe-4517-8fe8-be42f0eab341.jpg,unknown,unlabeled,1bec1e13f44e5195402e8985a78011e4,1,cancer
../data/sans_label/1567a15d-5f22-46ca-a77c-cd88ee60b7fd.jpg,unknown,unlabeled,ebf78f2023eb332886090351ad34f358,1,cancer
../data/sans_label/1528e169-3252-4de9-add4-03c497faa42b.jpg,unknown,unlabeled,749620c9e9280118d479d8fb963073be,1,cancer
../data/sans_label/111a5049-e459-445e-919c-28af38320bd1.jpg,unknown,unlabeled,039ed74eff22fe8151f4f57bc01fc795,0,normal
../data/sans_label/10d86392-5ab8-404c-9332-939a323dc8de.jpg,unknown,unlabeled,26745d4e2018a35914422e7445a70587,1,cancer
../data/sans_label/10ac7600-4206-4e17-a866-e4bbc536eaa7.jpg,unknown,unlabeled,729aac9bcb13886c6f76aec4c2dadf70,0,normal
../data/sans_label/107d8f7a-af33-493c-aed2-895db3dd948f.jpg,unknown,unlabeled,3195a3700d17182985d375400b076bf7,0,normal
../data/sans_label/101be262-63cd-4a5d-ba17-15a92e881c50.jpg,unknown,unlabeled,e8356196a7b0960843e7be896f625b0f,1,cancer
../data/sans_label/101076bc-091a-49ae-bd72-2ca97933f5a9.jpg,unknown,unlabeled,9b130a0793d5bb99651facaf90e039e7,1,cancer
../data/sans_label/100d0f9e-344d-466b-99a7-ff8dd90b7611.jpg,unknown,unlabeled,b03aa1fd7d36a60158c9ac7c4d3ea1dc,1,cancer
../data/sans_label/0ff7db8a-f8c2-4038-ab40-1d21295598dd.jpg,unknown,unlabeled,2c18239de1d4b6c56d9703a578e24651,0,normal
../data/sans_label/0f8e0e52-d574-48d4-91a4-9bd2ae88b4c6.jpg,unknown,unlabeled,130893ec3b6f15fd489fc2ece20323b8,0,normal
../data/sans_label/0f716a6b-8467-459c-bf58-4d34e9439d1d.jpg,unknown,unlabeled,916932872cb7f811c0ca6d24fd47388e,1,cancer
../data/sans_label/0f4162e3-e08f-4d7c-b4a9-6241511b0d74.jpg,unknown,unlabeled,c569b6f889a228465beb095112b037de,0,normal
../data/sans_label/0f1671c9-0387-484e-8e31-61e1fe074e7b.jpg,unknown,unlabeled,696ae04f5747ff9ebdb0d19ee22f7b62,1,cancer
../data/sans_label/0f0acf02-b85a-4338-9eed-30a6ec0964a8.jpg,unknown,unlabeled,523a79eeb8d7312e492ba1972f5724da,1,cancer
../data/sans_label/0ed34dbb-a47e-48d9-a528-e67aa13562e7.jpg,unknown,unlabeled,1bc20e205f75a74d226776b1b9e9c5be,1,cancer
../data/sans_label/0e9a78ff-666b-49c6-bfd0-6ae96f650027.jpg,unknown,unlabeled,7d947dbb194eba9fceb918acc819c622,0,normal
../data/sans_label/0e6c3f73-189a-420c-b17e-17dd19ac7736.jpg,unknown,unlabeled,fdc753e2225fcf328308438eb4f37058,1,cancer
../data/sans_label/113a89a4-4822-45a2-8bb8-d21c629fac38.jpg,unknown,unlabeled,9072e74813123340a38b8aa46c68dc89,1,cancer
../data/sans_label/11698a42-88ac-4e65-8ea8-2e246db28656.jpg,unknown,unlabeled,eff53ce39a094505d000b7f8b168b082,1,cancer
../data/sans_label/118bb3c1-4c17-4741-a7f2-b178f838fa6c.jpg,unknown,unlabeled,f14fc5e598c69ec088e18288ae40387f,1,cancer
../data/sans_label/1194593c-7ccd-4bbd-bbec-fd08b75afe1e.jpg,unknown,unlabeled,0f1fac7503ce21b47a23df2aa7d3c15e,1,cancer
../data/sans_label/15127f32-b7fc-4c5a-9721-c885bfedef71.jpg,unknown,unlabeled,241c96065ab4b3830a798b939c4b2244,0,normal
../data/sans_label/14f9055c-e72f-4d6e-8120-3cabaa1a1911.jpg,unknown,unlabeled,cea0074ee58e01d69841c80f75b9b140,0,normal
../data/sans_label/1447c990-df09-44f9-bbc6-a8e4ec3e7c33.jpg,unknown,unlabeled,9ff8d60289230cc645302f652c9464b7,1,cancer
../data/sans_label/14285322-faf1-4587-8681-b1637e90abe1.jpg,unknown,unlabeled,17d92ca5eb0cd1b4cbc3f213db0901bf,0,normal
../data/sans_label/141ef676-419a-4247-af1b-b5635821ba29.jpg,unknown,unlabeled,ccd8385c5215a455171c702bf912c751,0,normal
../data/sans_label/140df938-9d81-4fd3-806b-2b429eeb54cc.jpg,unknown,unlabeled,4fae99f7df31e11c15ed8f5e77c2629a,1,cancer
../data/sans_label/13eb3ad4-a065-4e25-888f-b125463dba24.jpg,unknown,unlabeled,c8caff12ee4f5ab58de7268d040d0591,1,cancer
../data/sans_label/13a6b485-3471-4a4d-b3bd-0d26e374938d.jpg,unknown,unlabeled,b47e9019b21750e811983d69777cf6f0,1,cancer
../data/sans_label/153bfc9b-79f5-4e36-b253-78d5a1dd8066.jpg,unknown,unlabeled,844b13c83ac193c0b020f42ad0d2f2f6,1,cancer
../data/sans_label/131400bc-ac37-42f8-9e8a-f96e5deae7d5.jpg,unknown,unlabeled,e18d37a2cc8f589e3cbab84959491b1a,1,cancer
../data/sans_label/12098862-5468-4b73-b0ae-8c1708d0054f.jpg,unknown,unlabeled,7333e8b5bbd3f791fd28e00e54d0fd64,1,cancer
../data/sans_label/12067690-f1f6-4efc-b570-afc510336f10.jpg,unknown,unlabeled,70088bdae83fc7f2ceee09d97a53128a,0,normal
../data/sans_label/11fbbab2-b71f-43f1-b216-9232232322e9.jpg,unknown,unlabeled,79aabbf0d406f78e9691330b4680a301,1,cancer
../data/sans_label/11f2b893-2739-4cef-9433-3b4a724270e9.jpg,unknown,unlabeled,0029d139273f0fe6f9e5745db184f3a6,1,cancer
../data/sans_label/11f03e5d-e170-46cd-a732-e0a47e31ddd0.jpg,unknown,unlabeled,edd47c4b2b3a5f6691b065b82463e83f,0,normal
../data/sans_label/11e90ad1-ddfd-4104-9776-db82c455b47c.jpg,unknown,unlabeled,7f93200b89ef965bca475b7d48b8016e,1,cancer
../data/sans_label/122a8afc-70ef-4cab-ba59-fc621d43fe19.jpg,unknown,unlabeled,d3f64b672cb839cd5dc15131a8597cda,0,normal
../data/sans_label/7ff9db72-554c-4cd2-8951-4753599ae67c.jpg,unknown,unlabeled,5560443a95684056ada1998fdfa5ef88,1,cancer
../data/sans_label/3f344776-95e6-403b-9624-08234c01d2c2.jpg,unknown,unlabeled,becfc0be8213872b904cc6e0a1907f19,1,cancer
../data/sans_label/3faa6891-dd9c-41b2-aca3-0b87b22eb6b6.jpg,unknown,unlabeled,105f2e40c600ce1ea5c880c9cf27c461,1,cancer
../data/sans_label/69bbe849-f752-4ee7-890f-6bbba6638e28.jpg,unknown,unlabeled,d8d63db40f93418b5a28544fdcd41745,0,normal
../data/sans_label/69abbee9-403a-4850-84e6-d7817ea07054.jpg,unknown,unlabeled,86a922616c26be9ad27acaf74e0a1f90,0,normal
../data/sans_label/696edec1-fa74-41ed-bf5d-f97cade93e84.jpg,unknown,unlabeled,3e0cf7ae5534bcdbc9b45892d411f337,1,cancer
../data/sans_label/694f4feb-433e-458a-8112-64c143ad8193.jpg,unknown,unlabeled,ed050e1ee4199996886a032bd7b2fb18,1,cancer
../data/sans_label/692df5a7-346a-45cf-a283-07806ed8bb0b.jpg,unknown,unlabeled,9e95341d4c9159320541dccd36469f3e,1,cancer
../data/sans_label/691c1f9a-1fd6-4abc-bd75-db261111bd2b.jpg,unknown,unlabeled,a6cc973463eccc42b1f4c91057ec6bd8,1,cancer
../data/sans_label/68e62626-7a8b-4149-baba-5550379957e7.jpg,unknown,unlabeled,163df81cefc632df9761fb500cc02423,1,cancer
../data/sans_label/68dec09a-7f1c-40e7-94f6-ca2c39073794.jpg,unknown,unlabeled,4c4757c5e48da988b39922617a07ede3,1,cancer
../data/sans_label/68c5d327-c169-40d6-b3e6-f0e2f1b3d61b.jpg,unknown,unlabeled,2b72efaaf083906f2e57848cfc79c9f5,0,normal
../data/sans_label/68b3a1ed-7cc5-4267-bd56-f043506b7f77.jpg,unknown,unlabeled,23e4168a910a5fcd4ad6d499ada81a80,1,cancer
../data/sans_label/68aeff0a-1aa3-4a06-b7e3-d9cae0ea84f5.jpg,unknown,unlabeled,672a8fad77bc76bdf1c470a60561c8f4,1,cancer
../data/sans_label/68974c00-5555-4cda-907f-fa19e2ebba1d.jpg,unknown,unlabeled,c0dc9bf64319d75472debb48bbe93235,0,normal
../data/sans_label/68894621-bd4e-4ea1-92e4-049a42ea00d3.jpg,unknown,unlabeled,5532f0f2010676ab0c9113eb6fcbd68b,1,cancer
../data/sans_label/6835f69b-714e-4707-843c-3b11613a41ca.jpg,unknown,unlabeled,6d3f670a451afe5c5c1f83d4af727fa5,0,normal
../data/sans_label/6825eab8-f17c-4521-a5b7-818729c0c5d9.jpg,unknown,unlabeled,4181436d43b45ba499fc1779f80589ae,0,normal
../data/sans_label/67e3f880-94e9-42cc-bb99-5bba6b4bffcd.jpg,unknown,unlabeled,18e2629fcbaf2bee643d7f6f42891cde,1,cancer
../data/sans_label/679bb091-0f65-45dc-9947-9209c0e02c75.jpg,unknown,unlabeled,37bff2c909ccfc507299d225fc60031c,1,cancer
../data/sans_label/6a3d7f99-a40c-4417-a617-4e7214bdccc0.jpg,unknown,unlabeled,0f5027fba46aadf92cc1b556f09be2ae,1,cancer
../data/sans_label/6aa09275-6dea-49aa-ac72-17be13b76fa5.jpg,unknown,unlabeled,eee13b2a62a970c828d8efce0de836c5,1,cancer
../data/sans_label/6ac0eeae-9e1f-4553-9697-c6d1720fe07a.jpg,unknown,unlabeled,44fa7ce1207b0d70329b1697a3e238c2,0,normal
../data/sans_label/6b21bb22-dc60-4553-9d0a-887785ea9ad1.jpg,unknown,unlabeled,bae6cf2d01ced617ff364b5fd065c8f2,0,normal
../data/sans_label/6d54198f-6c33-4158-8c3b-41ae0528f76d.jpg,unknown,unlabeled,f4e349d952e2e1d76744d864d61385f2,0,normal
../data/sans_label/6d2dd6dd-cb52-449f-b878-be06d24c6f45.jpg,unknown,unlabeled,487b74ae65e6d9d0b934c6fb8286f932,0,normal
../data/sans_label/6d2cbcf4-0b17-4f23-9009-4d83be9a2dcd.jpg,unknown,unlabeled,be87c0ef2053555d674ce40241963df5,1,cancer
../data/sans_label/6d2bc111-d038-4d58-9fab-207791cf729b.jpg,unknown,unlabeled,a4fa527a00f89d89167e63b886ab05d3,1,cancer
../data/sans_label/6ce8de0b-3ea8-4ad9-85a5-245ea0d1405c.jpg,unknown,unlabeled,8d67b6f3a281bf210210d19226d0ca04,1,cancer
../data/sans_label/6cc3a22b-54d0-4463-b7e1-fc7ea98b8deb.jpg,unknown,unlabeled,12d058c051cd25f142c5edf3fdfc2468,1,cancer
../data/sans_label/6c972558-ea9f-40d6-81a5-462f6027c0c7.jpg,unknown,unlabeled,1ddef82d6f3202a7c944eaf77f0fb482,0,normal
../data/sans_label/6c6496bf-be83-40ac-90b3-3ae38c62e8ca.jpg,unknown,unlabeled,7d1f5b6b638b3feaff8902ce34e96577,1,cancer
../data/sans_label/67722cde-ef60-48a0-8509-4fb75a2528b3.jpg,unknown,unlabeled,d37c15a63253bf8b20479c86477ec217,1,cancer
../data/sans_label/6c5918ac-71ee-4296-a568-a9f82426b361.jpg,unknown,unlabeled,a2c46a3d82cb5c90cd3361ce27bf58ff,1,cancer
../data/sans_label/6c3376de-dc04-4a3f-9025-91bab1caeef1.jpg,unknown,unlabeled,efdd982039d8b81ed68cceff40aa2dcc,1,cancer
../data/sans_label/6c2fefb9-b272-4ac9-ad8a-9ff7392fff20.jpg,unknown,unlabeled,39890645d9bb2d2d4096427d760ad23b,0,normal
../data/sans_label/6bca1868-78e1-4fdb-8529-1dc544531537.jpg,unknown,unlabeled,268d355d46bc342f32f8d19e8d76a06b,1,cancer
../data/sans_label/6bca183b-0362-40b7-9a0e-e87b8bf3f613.jpg,unknown,unlabeled,52be37060c02054d15a56992f5249150,1,cancer
../data/sans_label/6b833c30-ad0c-4c8d-9c9b-1561f44af830.jpg,unknown,unlabeled,93d01c4ca9d62cb41f8395cf58f71030,1,cancer
../data/sans_label/6b4861c4-0479-49a9-8022-4de4fd6ced6e.jpg,unknown,unlabeled,38de5e3d11d4e424574c0bbddb7f97f7,0,normal
../data/sans_label/6b28f672-9bbc-4716-98bc-ceae9b69fb7f.jpg,unknown,unlabeled,b63fc3faaa9b42ceb2ec316a9c381122,0,normal
../data/sans_label/6c4e751a-c8c2-41f6-914b-81e86cf46ae1.jpg,unknown,unlabeled,e8f6905f52f1bc8960f4445a026f7212,0,normal
../data/sans_label/6d6fe912-d114-48cd-8287-38fe3f715317.jpg,unknown,unlabeled,8a64bb0ed64968bfa17a526667f87f03,1,cancer
../data/sans_label/6756262e-9803-41a3-97ed-89deab377693.jpg,unknown,unlabeled,05c8a80eab0d650af08b43213c2c3b63,1,cancer
../data/sans_label/66d4bf2b-0482-4db4-885e-89572cb5fc98.jpg,unknown,unlabeled,3998d3d50b89a442ded6ad337e723c18,1,cancer
../data/sans_label/628c2c9d-aed0-4bd5-a55c-755fd07afa3c.jpg,unknown,unlabeled,46ca324c365d98ffc4224f52f047def7,0,normal
../data/sans_label/62417f42-1c08-4c56-840e-2a360d05af1c.jpg,unknown,unlabeled,60092ddd783fedddd2692f3b9f69be65,1,cancer
../data/sans_label/62125f5d-8ac3-48a7-851b-ea7dde08bc50.jpg,unknown,unlabeled,7d19e72280645727599d2bf08f62936c,0,normal
../data/sans_label/61d095a1-9a77-44d3-8262-f1f421a4c5ad.jpg,unknown,unlabeled,afa8b09a4e6ce6875a7ff928cc627c5a,1,cancer
../data/sans_label/61c75b00-ab30-4af7-9017-e4d2c000ec79.jpg,unknown,unlabeled,4b84fa99866ca114622484b352f217e9,0,normal
../data/sans_label/615bc32b-fc75-4e88-8218-185988721a2b.jpg,unknown,unlabeled,e62566105af12ac4841d0ae6a593feb7,1,cancer
../data/sans_label/61573140-5d9f-4678-96d9-2edd5b17cfe5.jpg,unknown,unlabeled,c1268775047592b5239110b461b0ce16,1,cancer
../data/sans_label/6127ee10-688a-4e71-9b84-e80719bf4ef8.jpg,unknown,unlabeled,cd329f6e72b1229bc00c43234d214a8b,1,cancer
../data/sans_label/611cdb80-2293-4ba6-8b32-7d2943a1bb17.jpg,unknown,unlabeled,cffc47be7573d66251e7a51bbbca5b0f,0,normal
../data/sans_label/61174d39-5271-4b15-9aec-431ab38d982d.jpg,unknown,unlabeled,e247999a256c7175bbefdc98cc5d45de,1,cancer
../data/sans_label/60fc769c-658f-448d-b704-74364e12ad05.jpg,unknown,unlabeled,d84b3e024565acc4c90b80b543d08dfd,1,cancer
../data/sans_label/60bee275-9a87-48eb-a18d-c2eb53ccc30f.jpg,unknown,unlabeled,16e68ce0c09ddea8819678c497e69d50,0,normal
../data/sans_label/6088b0d9-038a-4ad4-9f1d-24c6ecc01080.jpg,unknown,unlabeled,88d401ac9830437704615429afcdb482,0,normal
../data/sans_label/6048f041-cd08-4194-889a-9b5431ebbcb0.jpg,unknown,unlabeled,8ee26022e6ebeaa02ac8cfa7fc22927a,1,cancer
../data/sans_label/629ce647-ee7a-40ef-95a5-c991c5ba7665.jpg,unknown,unlabeled,120352637bfa3fad555d7d761617e5f6,1,cancer
../data/sans_label/62a6cdf6-cb17-4933-854d-e44e899b6947.jpg,unknown,unlabeled,3af353cf97090c4bef8e4434a6af77cd,1,cancer
../data/sans_label/62acd743-0555-4bb9-b26d-c4c8f09409f3.jpg,unknown,unlabeled,e2c6429abe49677fe5f4cc252b63222f,1,cancer
../data/sans_label/62bfdf9a-a52d-4601-bd89-5da0b9b31447.jpg,unknown,unlabeled,60192a8d33745fc9a69b43358f0ede0d,1,cancer
../data/sans_label/66c8ed25-12ad-4966-a78e-e03e2f2d1052.jpg,unknown,unlabeled,0ae1668e207e36adb6fcb508aa6b917c,0,normal
../data/sans_label/6691bbb0-a19f-4ac0-abb6-5614543e173e.jpg,unknown,unlabeled,5c3acaafcdc46643dc601e07cf541fca,0,normal
../data/sans_label/66787dcb-65fc-465b-99f8-a5f3df43de8f.jpg,unknown,unlabeled,02c749f543874f7540c7f819d522e74b,1,cancer
../data/sans_label/65664115-d6c0-4d61-8708-1e8e36f1c193.jpg,unknown,unlabeled,fc5e8d60d8e36197fa8febbf0f1b681b,1,cancer
../data/sans_label/65444b52-e69f-4a86-9a26-68ed2bf6addf.jpg,unknown,unlabeled,7c7c2c35d3a8869192d83ff063939827,0,normal
../data/sans_label/6543f400-4a2f-4365-b36f-e6fecf3799d4.jpg,unknown,unlabeled,e659b97bdf56c5aabb52140588aa4008,1,cancer
../data/sans_label/67236d73-599f-4892-962a-dce0a9385dfa.jpg,unknown,unlabeled,0250e2ea957a8f5ffd77de4fda9d67a6,1,cancer
../data/sans_label/65305eca-4322-433d-8b85-018e7f3b76c8.jpg,unknown,unlabeled,a2801de0a7ca3256ee5668927434a108,0,normal
../data/sans_label/64a29f50-88e4-4e19-bfcc-c838e9566c5d.jpg,unknown,unlabeled,f86ff6ad481aefb40803022542e92f48,1,cancer
../data/sans_label/64621ec7-b7c0-49ab-80d4-effba160d22c.jpg,unknown,unlabeled,a87e41bdc8b04ccb1bd528442c3263fa,0,normal
../data/sans_label/63ca22a2-f45f-44d9-9aae-00f4d9bd795a.jpg,unknown,unlabeled,3c0fd673b2aad68f3c115d045a0c7043,1,cancer
../data/sans_label/6387d2ce-33c0-48d1-90f4-720f19382f62.jpg,unknown,unlabeled,075e2825426515f66eab573c1ddba8c2,0,normal
../data/sans_label/63493130-2687-4ed7-90a0-c5f26adad303.jpg,unknown,unlabeled,4e4dbf6c3dc0d4c03327af8f82559f13,0,normal
../data/sans_label/63297907-41e2-4a9f-90a2-4343f07a1580.jpg,unknown,unlabeled,9c7acfd2902486e1f5390a27bfdfe6e1,0,normal
../data/sans_label/62c94be8-7c39-492e-b536-c5251beb12f3.jpg,unknown,unlabeled,767c14106ba8fa50b8b813a31e51d28a,1,cancer
../data/sans_label/64e3c52e-6351-4501-a3bf-713cecc6b598.jpg,unknown,unlabeled,d3b335891ff725b4182980f6753f8b97,1,cancer
../data/sans_label/5ffa1008-2645-4ca8-be18-8802c305e59a.jpg,unknown,unlabeled,07f2010e1d6623dc9126d3c7fdadb233,1,cancer
../data/sans_label/6d76f746-5892-4047-baf4-f10e04f666b0.jpg,unknown,unlabeled,bf14f967a8397b316917dcc707262a86,1,cancer
../data/sans_label/6dd0426f-3cef-4af4-8327-69f724b587d8.jpg,unknown,unlabeled,3dbf7d5c33176a4158f95e40b10c744f,1,cancer
../data/sans_label/79d14e3a-3486-4342-92a7-65d1b41cb3d6.jpg,unknown,unlabeled,c2ff6f02176cfe83ca4d6c5dc9baacb8,1,cancer
../data/sans_label/79b39b94-655d-44c1-869f-1dd073736ee2.jpg,unknown,unlabeled,5cae6b07f68751a74c2c217611f15cea,1,cancer
../data/sans_label/798a5120-38eb-4f40-848e-cda877acaa9e.jpg,unknown,unlabeled,0da17b54fda969f292a353e50a61a3bb,1,cancer
../data/sans_label/79719c62-efcc-4dcb-b6e3-e4112378795e.jpg,unknown,unlabeled,e966f3fe3a278aba34f0a5f1e731b796,0,normal
../data/sans_label/796983b7-b25c-4d49-ba3a-dc77889f3d41.jpg,unknown,unlabeled,8aac390729eb69c4c73d2ab1bf0836c1,1,cancer
../data/sans_label/78f5a709-7933-4269-b90f-7d7a656e2521.jpg,unknown,unlabeled,828e53ab98233fd9a4bf6eef49e4bd80,1,cancer
../data/sans_label/78ebd406-e28f-464f-8dd2-b0bdc6906e29.jpg,unknown,unlabeled,bd91b43e83b2473d58ec3d20ecab2d02,0,normal
../data/sans_label/78ce4bc8-903c-49e5-91e2-2a7ca88bc95c.jpg,unknown,unlabeled,6e683b2883762a9f5d3fc8902fed0d8b,1,cancer
../data/sans_label/781965e8-8a71-434a-931c-a9c2a550570c.jpg,unknown,unlabeled,393bc1464a32b8f8da525c6547184a8d,0,normal
../data/sans_label/77fbfa99-d6d8-4730-bf39-8eee7e6f5746.jpg,unknown,unlabeled,9abbf1cd7f9186d7cf45ad50747e3e23,1,cancer
../data/sans_label/776f811e-cd6f-4960-b570-cb74cef0a20e.jpg,unknown,unlabeled,33538b4a8c225b546c4363ee9144c3ef,0,normal
../data/sans_label/775a7d3f-98ab-4b64-a6fe-84e280a3480c.jpg,unknown,unlabeled,a25a2c0f53168d88bdf268d7dc130023,1,cancer
../data/sans_label/7754d2c8-cdb5-4d26-859c-d1e6cf3547d5.jpg,unknown,unlabeled,1198c639e95aafe5316f3847583b0db3,1,cancer
../data/sans_label/7748b371-a3ee-4659-8979-c941e99d0094.jpg,unknown,unlabeled,1ec26f95110354999d4539b9431b40eb,1,cancer
../data/sans_label/76a872d5-952d-4aac-863e-0403e82e1448.jpg,unknown,unlabeled,05de7b26f85c7cbf09432dcd232226c8,1,cancer
../data/sans_label/76942237-22f7-472b-9bb1-ce4543ac5013.jpg,unknown,unlabeled,8608ccd202645bf21bf2148da46ca7cf,1,cancer
../data/sans_label/7a3d08fb-b6a9-4afa-816e-d8efef8ef1cb.jpg,unknown,unlabeled,cc6e958783d2a173e46f3bdc9535fe78,0,normal
../data/sans_label/7abc9f6b-ba4f-45cb-8c25-0cb1bd583e6b.jpg,unknown,unlabeled,f8117626472c71d171f951c6245210e1,1,cancer
../data/sans_label/7afb826f-4af1-4221-88ab-35830086a5df.jpg,unknown,unlabeled,98e59a306e9a623947d78aa8aac37de2,0,normal
../data/sans_label/7b4c0b8b-e0b3-4b4b-b2fd-404824b3945c.jpg,unknown,unlabeled,497af42f27f941794cfbe866bf178bbd,1,cancer
../data/sans_label/7ff11209-fd8e-412f-935e-aaf635a25afa.jpg,unknown,unlabeled,fed6a2e97d4aa7333250395ae75f60cb,0,normal
../data/sans_label/7f18161a-611c-4e57-a0d2-9189582498df.jpg,unknown,unlabeled,ca180537ddf38a89cb7a7170406a679f,1,cancer
../data/sans_label/7eefa981-4ca0-4fb1-b10c-ebb49db25b09.jpg,unknown,unlabeled,c230f45e43faf577184fe663aa87ba81,0,normal
../data/sans_label/7e79b591-17a1-4687-aeff-f11849221fab.jpg,unknown,unlabeled,8aeaa8d26e45cd99e33eace82f595936,0,normal
../data/sans_label/7d566399-8a85-4fec-bb32-00e5bb3101ac.jpg,unknown,unlabeled,336a8a93d6a6955bfb815ef33d9d486b,0,normal
../data/sans_label/7d5333ae-3fe6-414f-b14f-0a1185927b13.jpg,unknown,unlabeled,4254dc6fa9a85b21a6742900003c231b,0,normal
../data/sans_label/7679d4da-0ea0-419b-b948-05c360d205f6.jpg,unknown,unlabeled,a5b93a74f5b5c1bd53a3009a1c97cd3b,1,cancer
../data/sans_label/7d258fda-1121-4de6-8463-9ea87d01c71b.jpg,unknown,unlabeled,014592d863ba32143b355c9d68a1277c,0,normal
../data/sans_label/7c7b10b9-fede-44f1-808d-691e4abf9501.jpg,unknown,unlabeled,5a746ff0f7ccfc287507d9fae42f414e,0,normal
../data/sans_label/7c41e40d-4e72-472c-8da0-b2ce9d642203.jpg,unknown,unlabeled,7a89ea8d0772efc5a498db7dfc5401cf,1,cancer
../data/sans_label/7c25b873-3b45-4507-8975-3358d52e8acc.jpg,unknown,unlabeled,d00c4e5a51319a0d7d8c927749327f7e,1,cancer
../data/sans_label/7c232161-5e0e-4e33-8097-f55161592c2f.jpg,unknown,unlabeled,b3cebe064b8c6c5ff93fdf7baf0a7ec1,1,cancer
../data/sans_label/7c00276a-0708-4b7b-9035-43d973c8d174.jpg,unknown,unlabeled,c7f0f90f6aac0d7bfddd7a7f78084867,0,normal
../data/sans_label/7bbf0740-36f6-465d-bb85-15a87c6e29a9.jpg,unknown,unlabeled,aa27bff2219c5811f709eef2e26ee152,1,cancer
../data/sans_label/7bb7f2f3-589f-4847-9fab-2a57313fde1b.jpg,unknown,unlabeled,91f05f53f646130c5d209e4f5bd79bf4,1,cancer
../data/sans_label/7b9cfe10-9b62-43d7-8975-6e0aed816a9b.jpg,unknown,unlabeled,c65e4c364d49cb0eb8ff9926ba0bcb63,1,cancer
../data/sans_label/6d811cfe-af52-429d-a172-5dc70ed3d171.jpg,unknown,unlabeled,f4c8f58a6f7da37f49042bb93d68dfa9,1,cancer
../data/sans_label/765b8c3b-d651-4758-9106-736d11ea60c0.jpg,unknown,unlabeled,c4e5ceaf70a6f245ba039d49fbcd1449,1,cancer
../data/sans_label/75cd4442-21fd-4003-8937-449b302a07d1.jpg,unknown,unlabeled,5a38e216cc28411c308cd96a6a71fb35,1,cancer
../data/sans_label/70ce15fd-5ae1-4380-83dc-2fdb28af7fb8.jpg,unknown,unlabeled,1821f3c74da0b5fd6e73f8632046ecb0,1,cancer
../data/sans_label/70a8c350-f1f7-4f3c-a258-04e128d81fd5.jpg,unknown,unlabeled,4f1beec28273bbcadc77bec9ca2ed9b7,0,normal
../data/sans_label/708af38b-75da-45bd-ba05-0cb43554bce7.jpg,unknown,unlabeled,f190f4442eb32e2cb131ac577ba25241,1,cancer
../data/sans_label/70727332-b9d9-4641-9ee2-1c74a56740ad.jpg,unknown,unlabeled,578bef7d7d7ee5bd880d496f432a2173,0,normal
../data/sans_label/70382eae-f4b4-4220-bc52-2efe97774b17.jpg,unknown,unlabeled,96f4c1553e5c21be4e32bc32410cad33,0,normal
../data/sans_label/6fd760c2-e08a-47de-a044-7934ef77f8f7.jpg,unknown,unlabeled,0e1a51c6309e288f19b4d9b3e071f964,0,normal
../data/sans_label/6fc428c6-f8f7-441f-ae7f-5bb9f781427c.jpg,unknown,unlabeled,0916e0851af794109688603bb603bae4,1,cancer
../data/sans_label/6faf8336-a090-44fa-9199-4e861c75fd99.jpg,unknown,unlabeled,ec11e4c14a6fb3accc1bdce5f72fe22e,0,normal
../data/sans_label/6f8b8969-a7da-4427-b0de-381f8bba0392.jpg,unknown,unlabeled,11a50537317fcc6b339f201be0bd873e,0,normal
../data/sans_label/6f5076f7-0726-4902-a8f9-e6ae2d73d300.jpg,unknown,unlabeled,952d409c0e1acbb8ad73e01463ef435a,0,normal
../data/sans_label/6f4274f7-e782-45e0-9536-4931935f7b49.jpg,unknown,unlabeled,a13f78b172230b862ec5fc71d65793f9,1,cancer
../data/sans_label/6e97f17a-b3c2-4cd6-a67b-c6d086eb07a3.jpg,unknown,unlabeled,c10390efa799d76c8daf423980f0d531,0,normal
../data/sans_label/6e7f4ce7-00f4-43be-8bbf-299d79968dcd.jpg,unknown,unlabeled,02e671fb42b44f6a82148838357b9501,1,cancer
../data/sans_label/6e68cea0-c10d-4ff0-aa2a-78e336061119.jpg,unknown,unlabeled,9bd909f1cf7ab599b63d7d4b4d9fad13,1,cancer
../data/sans_label/719fe13a-5fe3-49ef-9eaf-b29b372314e2.jpg,unknown,unlabeled,451d4cfc2f42fe7cf7b9eafece5654d0,1,cancer
../data/sans_label/71cc7faa-cfeb-4929-83dd-873d5853f05b.jpg,unknown,unlabeled,a197bf817b51f54bdc6d033f8c59700b,0,normal
../data/sans_label/7288246b-195b-43ba-856b-0828c6a4909c.jpg,unknown,unlabeled,4dd4aa688a4a6800108340e17dfc7917,0,normal
../data/sans_label/72a8bbb9-0612-4aae-8c9b-0e1d3b9a4352.jpg,unknown,unlabeled,3a36a101a6066f1b777ca4443f8be9d0,1,cancer
../data/sans_label/75768de5-6cf1-4f8c-93e4-d245683c5e00.jpg,unknown,unlabeled,83ed00610c84e0f8919d761fc2735aed,1,cancer
../data/sans_label/755bc290-c99a-4898-b252-23d37614ee88.jpg,unknown,unlabeled,570ad17856fabbdcbf29138131a2aeca,1,cancer
../data/sans_label/754b5cb9-275c-43ac-943d-790d31e374c6.jpg,unknown,unlabeled,c160565cd6edaf274cf83a56c0cb4469,0,normal
../data/sans_label/75023beb-d35c-4d49-a65c-db402532043d.jpg,unknown,unlabeled,37fe0abb538dee914db647557c2a99e5,1,cancer
../data/sans_label/ffae953a-1429-4a56-a258-7c4c0160a117.jpg,unknown,unlabeled,442280bc7318a675ac99845fbb10aa27,1,cancer
../data/sans_label/74b5792b-eaec-4c55-9826-fdcd98797ba0.jpg,unknown,unlabeled,2901befcfe638a616843c86d05f22ebe,0,normal
../data/sans_label/744e73bc-29c6-4116-9236-785d2c4091b4.jpg,unknown,unlabeled,5b7917fd7aad67666fc9df02508e2c2a,1,cancer
../data/sans_label/75ee0f44-658d-4ae6-908f-3097b64e0cc4.jpg,unknown,unlabeled,580d2c630e20a10052505a7df15bb75a,0,normal
../data/sans_label/7438ba9a-e4a5-438a-b6e0-b60eb3b71fd0.jpg,unknown,unlabeled,9febc44bd614e583bddf300986d890f2,1,cancer
../data/sans_label/73bf0a45-591a-40a5-a046-75cb928eeb71.jpg,unknown,unlabeled,c179c6b7efc864cff56ef484379c5b24,1,cancer
../data/sans_label/73a64487-fd49-49da-a71d-2ebf834ddfc3.jpg,unknown,unlabeled,e83eccf83f28856c0091121320a3b575,1,cancer
../data/sans_label/7342eecc-d717-4e59-92f9-b0d2df943564.jpg,unknown,unlabeled,773253a8e44e11a6a6f069b257153deb,1,cancer
../data/sans_label/7308f105-d60e-40a8-a0d2-6416566053ca.jpg,unknown,unlabeled,ed369439d9b63e1554d84d6aab0f058d,0,normal
../data/sans_label/72da5ddd-59cb-48b1-b6f2-28251f644d68.jpg,unknown,unlabeled,be9443acbd6e7f23545b1336a745dfff,0,normal
../data/sans_label/72d3d361-d735-460b-baa5-97c6c5a089c8.jpg,unknown,unlabeled,263937df727fc4719d6c67f91447522a,1,cancer
../data/sans_label/72ad582f-9c85-4ec4-8d90-8d0106b0c87c.jpg,unknown,unlabeled,b6d2be332512a221278b49676883b414,0,normal
../data/sans_label/73c7dece-6cf7-419d-9879-0c029dbaea7d.jpg,unknown,unlabeled,ee94edceab30d5d47d90688cb96f8e83,1,cancer
../data/sans_label/3f5ace85-69f1-4cad-82d3-2d85ba19c5d9.jpg,unknown,unlabeled,a3b794837c52ae6681652cb9480bb510,1,cancer
../data/sans_label/5fe1b066-348e-4ae9-b483-9fd19aeb670f.jpg,unknown,unlabeled,2a3afc51b89405adc3b546e7ee20f845,0,normal
../data/sans_label/5f7d15a8-3033-47f9-8afc-6e18d3652ce1.jpg,unknown,unlabeled,537e5ee0c51aca94254670f4e0cb3ead,1,cancer
../data/sans_label/4c7dd03b-a2d7-4008-9f72-b62d0f958e63.jpg,unknown,unlabeled,e1ed109f4f9779591021782869454cb8,0,normal
../data/sans_label/4beb7ae1-51f0-48f2-bc18-a13500e164ef.jpg,unknown,unlabeled,920b61c30e54dd1ce6f9a7325d1ffc82,1,cancer
../data/sans_label/4bc797d8-30f1-45b4-ae60-1eb83188c8db.jpg,unknown,unlabeled,64f9a914f4478a09592c32b7b6be9e37,1,cancer
../data/sans_label/4b217ca0-4e5f-4d5e-a71d-b9f992e43281.jpg,unknown,unlabeled,6a14b3f454f91d9aa1bf85774e537832,1,cancer
../data/sans_label/4b1c65e8-d1c8-46d2-a32f-f47da2f7b33e.jpg,unknown,unlabeled,32b1395c07850879c955e08a715a51f6,1,cancer
../data/sans_label/4a64d369-e33e-46fc-812a-b02ef91337c0.jpg,unknown,unlabeled,c9fbe6e5cab86f251416aaf8a88e5f0d,1,cancer
../data/sans_label/4a4822ad-22e0-4dac-a072-18fe2824cc9f.jpg,unknown,unlabeled,9b41e83280b349b3ca48d3500341dd29,0,normal
../data/sans_label/4a0dcb3d-b143-4a64-8665-d150a0397f9d.jpg,unknown,unlabeled,182b18d4a8e46f83198efaa30418256d,0,normal
../data/sans_label/49a9090d-d087-46e5-9309-8a6ba68df5cb.jpg,unknown,unlabeled,b03436aa763793f03a997f4400acc5b5,0,normal
../data/sans_label/4969375d-41fa-4be7-bd79-ac39227781ab.jpg,unknown,unlabeled,6c8306050b35cab4586e2d19bbc36c6c,1,cancer
../data/sans_label/49439d86-3c4a-4e7a-ae95-f5c545a07faf.jpg,unknown,unlabeled,8b4fcf217903df8f5bed69b5bb2aa8c9,1,cancer
../data/sans_label/4940c0e4-2564-446d-a31e-49730bace275.jpg,unknown,unlabeled,fa89e33b2a7c605c206fb06151dbc5cd,0,normal
../data/sans_label/48db0c1b-9bf0-4260-8de9-59ba582b8c64.jpg,unknown,unlabeled,ea75a1b33616ab6888bfbb3ba4e541ab,1,cancer
../data/sans_label/4ca7ee0c-f302-4ffa-af58-0e845e4e2aba.jpg,unknown,unlabeled,fd78f3e4ce969a9246dd94003051a614,1,cancer
../data/sans_label/4cc8628e-3700-45cc-9bd3-30c727c42a46.jpg,unknown,unlabeled,09aa0c9184323ce8b8f0f81881ae6d86,1,cancer
../data/sans_label/4d0e8bfd-1207-471b-9266-384ee890470a.jpg,unknown,unlabeled,4161f6a290538aefb4008216d60211ab,1,cancer
../data/sans_label/4d16f5d0-bb48-4571-a231-ed67a5d6dd5e.jpg,unknown,unlabeled,2d04f2cc522526e31be485edbf409f17,0,normal
../data/sans_label/511fbc9c-fe8c-4612-9cc4-46490987601f.jpg,unknown,unlabeled,8f10be5bf1c2013c01239f7cd0578cd0,1,cancer
../data/sans_label/50b98648-0e5b-4fbd-bb2b-bef1be46a55b.jpg,unknown,unlabeled,5051f39cb8b280911470aee3b65aee3c,1,cancer
../data/sans_label/5068407e-c4f6-4d77-9a17-eb936200b368.jpg,unknown,unlabeled,7ee3054821a214230d5c32c72428155e,1,cancer
../data/sans_label/4ff27469-de3a-4025-8ae9-7ca95650115c.jpg,unknown,unlabeled,a75d1baeb9a4c0436b27f35aaca2e121,0,normal
../data/sans_label/4ff209cf-48f8-4f62-a113-e34ca9b65ce2.jpg,unknown,unlabeled,069ad493d08c21dd93c8d0c84787714f,1,cancer
../data/sans_label/4fc6fd73-542f-4f22-a4c1-db9804334e69.jpg,unknown,unlabeled,90a9e2bedae65a4b06dee1141582d466,1,cancer
../data/sans_label/4fa53d5a-5b60-45ce-8df5-73bc1fc53fcc.jpg,unknown,unlabeled,e9141767e4d06e4345535e0dc17dbc3c,1,cancer
../data/sans_label/4f957598-f192-4dca-863d-f854b6a794a5.jpg,unknown,unlabeled,cc48768c1b2dcc98962cd1eb1ff39b24,0,normal
../data/sans_label/48a96c9e-737b-4604-b619-9ba6d533a449.jpg,unknown,unlabeled,481a4f44fa3bd58476c7611f39940f97,1,cancer
../data/sans_label/4f843f10-b692-4744-a9db-754727f78b1b.jpg,unknown,unlabeled,169a6df1ff34b175445c253725f2140d,1,cancer
../data/sans_label/4f5106a7-6369-43e6-88d8-d751965465ab.jpg,unknown,unlabeled,9a8fbbe396a120577714ff577a87cc59,0,normal
../data/sans_label/4ed9890b-5bc7-4467-ae5f-2e10bd59040c.jpg,unknown,unlabeled,fbb2a7811354d8b18ecf5bd234111918,1,cancer
../data/sans_label/4e485909-c17c-473b-a216-2ff0609db39f.jpg,unknown,unlabeled,ca76a11232830e8756f3c1aac5731da3,0,normal
../data/sans_label/4e3b417f-147f-4fe8-8539-e21bdf25ae7c.jpg,unknown,unlabeled,2fc060dc6c2aeabd1957e25ab2dbedcd,0,normal
../data/sans_label/4e2a2ed8-cc16-4b42-b67e-59f949e07654.jpg,unknown,unlabeled,6d2999cd1d018c415ce39b368e350ec4,0,normal
../data/sans_label/4dea203c-6caf-4232-a8d8-af8b1eb5b286.jpg,unknown,unlabeled,888d1c2a147d26a2d2ef8c304d7b542e,0,normal
../data/sans_label/4de2f2d2-e55a-419f-9180-cb248afd5546.jpg,unknown,unlabeled,56c2a2e54cbfb574ead168b83b64babf,1,cancer
../data/sans_label/4d276aed-3ddd-4af8-a79b-2649a9cfcd2b.jpg,unknown,unlabeled,44138f4a3a220b5d1c5ef2ae5daaa57c,0,normal
../data/sans_label/4f57aa56-f70c-40b1-bf05-e8b4b5a96665.jpg,unknown,unlabeled,126f2682561b2481f2020f82a10a9dcd,0,normal
../data/sans_label/5161b562-dee2-4274-bfa3-71ee764d2f3a.jpg,unknown,unlabeled,ddb5ce5813314c10b91fdc895b0363aa,0,normal
../data/sans_label/487ce1da-e303-4e8d-bcc4-9e857ad7b982.jpg,unknown,unlabeled,f5a10ca10c1b63f7c17a15973189f60d,1,cancer
../data/sans_label/4855f846-6416-4708-8d81-e9e077c340b3.jpg,unknown,unlabeled,db2c1511fd17be00f7eac58c3a32a3fe,1,cancer
../data/sans_label/4245d386-f23e-4f0e-b5e6-dc141da90edb.jpg,unknown,unlabeled,cd6df3fe7c2236a74d13aa2142dbbe17,0,normal
../data/sans_label/4235abf9-6849-4a61-b70e-96317f1548c6.jpg,unknown,unlabeled,96003dacf91046d2a80289b02359b084,1,cancer
../data/sans_label/4212e469-4106-4e65-bd52-814351f05619.jpg,unknown,unlabeled,f087e635a2465f7fecef165240158d79,1,cancer
../data/sans_label/420bc65c-4456-45ff-b5b4-19ba112649c3.jpg,unknown,unlabeled,3ee6ba54b45aa988a6c94f131585c312,0,normal
../data/sans_label/41d0f225-4842-4b7b-9e54-9952e603e03f.jpg,unknown,unlabeled,bf501ef4830b30ff6b208439e11ebd93,1,cancer
../data/sans_label/41b08a1e-2cff-48e3-a659-c0e1e658e7fc.jpg,unknown,unlabeled,6aaa328f9fd48f07960fb936340fc83d,1,cancer
../data/sans_label/4171779c-96fe-4b29-afa0-c71919507cc3.jpg,unknown,unlabeled,04a4f1711bde9e4da3d10b11709a0286,1,cancer
../data/sans_label/4167f137-70aa-4295-9237-e6f3d8ddec87.jpg,unknown,unlabeled,8b9f6571afbb3e2c9bbd633e45c30269,1,cancer
../data/sans_label/41360b65-66a4-47c0-a2c6-6db7bb2c6518.jpg,unknown,unlabeled,ecdae96856a4f095533e45ae3ad35229,1,cancer
../data/sans_label/40e7db67-c2e3-4f79-943d-d6ac5b35cf2e.jpg,unknown,unlabeled,f195ae896e7ba121ae93be68add43611,0,normal
../data/sans_label/40b5615a-890b-458f-af87-20cec67dc51b.jpg,unknown,unlabeled,66c5196bf7f88fb5c2eca117f4a3495a,1,cancer
../data/sans_label/40b1313e-6c50-488f-9066-bfefc7c5b2e1.jpg,unknown,unlabeled,02201a4995583a9ebaf47a90468a723c,0,normal
../data/sans_label/40a84ff8-47bf-4962-80d1-98ab2bf63a4d.jpg,unknown,unlabeled,48b442784564da6138e4674930f0c2d7,0,normal
../data/sans_label/40077be9-cf60-4d6c-a01b-6de6bb7cf4c1.jpg,unknown,unlabeled,3ade733584ddfac132dc1cab99cf44fe,1,cancer
../data/sans_label/3fd266be-c678-4720-a098-e03acdd357ec.jpg,unknown,unlabeled,bb427a14d627fce90ae69ecbd40487bb,1,cancer
../data/sans_label/3fc6f478-c3ef-4df8-a016-17c9c28805d5.jpg,unknown,unlabeled,5652b0f0e0dba74a8aa89e3e42b20e69,1,cancer
../data/sans_label/425208de-a7b6-48b4-a44c-3e5199b97fef.jpg,unknown,unlabeled,e35b823b76ad5e57ca636ada77c09fae,1,cancer
../data/sans_label/425c79ee-7d27-4f56-bc4a-1379504fc2a7.jpg,unknown,unlabeled,fc228b3096fa316d373db0e63194b832,0,normal
../data/sans_label/4277ef53-5782-4d64-a82d-6b44fbac28db.jpg,unknown,unlabeled,ca6c10d47a47328f9441a045b05ba8f0,1,cancer
../data/sans_label/438833fd-6e2c-4a08-915e-dd984764fa0e.jpg,unknown,unlabeled,a28f6db1b35538c464d5bd63329c8d3e,0,normal
../data/sans_label/4847c338-78a2-4d87-a820-058ce5ebb809.jpg,unknown,unlabeled,a45ea3adc1d7144715fd88087f6f344a,1,cancer
../data/sans_label/478a4925-c244-4ad7-9df0-a22840d9a508.jpg,unknown,unlabeled,b87e7595ea3d04ae6802cb271b8659d4,1,cancer
../data/sans_label/473788b6-9e8e-449e-82fe-c4f75c13ad96.jpg,unknown,unlabeled,91c5a1a607ca7cf7cbcd4b8a0b7a1594,1,cancer
../data/sans_label/470fdac5-3acb-4d5a-aa31-aaf866697c44.jpg,unknown,unlabeled,34fc157b3e7ab892ac3cfea08c71f82f,1,cancer
../data/sans_label/470ac80f-4c53-41b5-a903-6054e4f7d424.jpg,unknown,unlabeled,84e559685496a052537631a0066db8e4,1,cancer
../data/sans_label/46718442-5923-4b9f-b2f4-c64d55cdbb7b.jpg,unknown,unlabeled,4e1fd00b658a537bd5b1ced23a04a99b,1,cancer
../data/sans_label/45d918bb-f290-4a21-8cc9-a139377498d8.jpg,unknown,unlabeled,a83a1bf47015fff7465bd90fa579eb90,0,normal
../data/sans_label/48707112-26c5-4351-ba2d-ea391da2c900.jpg,unknown,unlabeled,7c315df6ccbf6ab08a648ad29866905f,0,normal
../data/sans_label/4545f8d2-4fb5-49c2-bb0d-eb2d5372e1f6.jpg,unknown,unlabeled,0871c1fc2743b83e35fea20cb1f871f9,0,normal
../data/sans_label/448dad51-615d-4a17-84bc-588412fb79f4.jpg,unknown,unlabeled,6f6f2507a8bac536bafb3ca3c88988a4,0,normal
../data/sans_label/445cf17d-d94e-4c4d-928f-75ef64f771e9.jpg,unknown,unlabeled,afbcb604d4c119a6da2b69c1043ab8cd,1,cancer
../data/sans_label/444fe6ac-f7e6-47ae-acbb-3a50c39d9c6e.jpg,unknown,unlabeled,44741e59fde98467e3ffd519b103ad14,1,cancer
../data/sans_label/44303155-6799-420d-a55d-99e018674515.jpg,unknown,unlabeled,de8d45ec932b43aac274f54aeee87281,1,cancer
../data/sans_label/4424d3a7-1d99-4e69-9e1b-ca4b6f3c9cbf.jpg,unknown,unlabeled,b6fe95c71f02b6826530ac1935681562,0,normal
../data/sans_label/44139282-f2e8-4ab1-b16c-d459a0a33a89.jpg,unknown,unlabeled,5f625881335bb17d5637fa0fad156260,1,cancer
../data/sans_label/43e52669-bf1e-468a-a962-e2cb5b258314.jpg,unknown,unlabeled,ea3fc305848ef36c99ce5cff41502b16,1,cancer
../data/sans_label/43dbbbbc-4970-46ef-8f45-20aec836e19a.jpg,unknown,unlabeled,fb1ddac10108ae20ecbe5dfff5367870,1,cancer
../data/sans_label/4542a953-9f45-49ca-b90b-502fd29732c7.jpg,unknown,unlabeled,c2669cd8c908d97cd465a962dc406a70,1,cancer
../data/sans_label/5f80fa29-e2a3-4897-ac4e-d3ec50b42898.jpg,unknown,unlabeled,aa266cbc87236a0371352dc19d184f71,0,normal
../data/sans_label/51a311cf-b0df-4759-8b4b-0dae8eee2a4e.jpg,unknown,unlabeled,6dbafdff8fef776778869cd655871703,1,cancer
../data/sans_label/51d94c32-e7d6-4c12-871f-60aa862442fe.jpg,unknown,unlabeled,440aea016e8ba6460610d9b4e552fd6f,0,normal
../data/sans_label/5cab86f2-5334-48fa-89b8-29ec76dc8e0e.jpg,unknown,unlabeled,8996d882cc6f5d7e89845abef745be34,0,normal
../data/sans_label/5c9fe812-4d0a-4c85-b58a-e2e47b731aec.jpg,unknown,unlabeled,e82c5eeb607cb29998a8cb4cea48612e,0,normal
../data/sans_label/5c70c07a-e371-49c9-ae30-2946d0a0d325.jpg,unknown,unlabeled,7b1c845b1d29ed1c1a60cbaea925e1f1,1,cancer
../data/sans_label/5c4bac09-ff98-42e0-92d7-39d2795ce655.jpg,unknown,unlabeled,f372ab34946dad4794521d86f63ba0d5,0,normal
../data/sans_label/5c3fce72-b187-4488-bbe6-dfa02179e536.jpg,unknown,unlabeled,14cfd9d48ecf0d653f8acfd9b082b410,1,cancer
../data/sans_label/5c13438d-0564-4421-85c6-30d58bc1610c.jpg,unknown,unlabeled,e33528fe4b7cf1eb93588bf168090eed,1,cancer
../data/sans_label/5becfe91-2b0c-4dcd-b20d-b6af822bd883.jpg,unknown,unlabeled,be4da7072a56bdd65ff55e409872398c,0,normal
../data/sans_label/5be6f4ce-f557-4f9a-a298-83ec918be7e8.jpg,unknown,unlabeled,b27adce5b86d860d75625b280c9a7cd3,1,cancer
../data/sans_label/5b819f6b-dd29-42b7-b4ac-29ef152bf6bb.jpg,unknown,unlabeled,48400a6b2eda3de0b319f6dd9bfdf96a,0,normal
../data/sans_label/5b2e35be-2519-4ce5-bf34-3632e6e697e7.jpg,unknown,unlabeled,4ab923866afc58f0f95af555d2b6c942,1,cancer
../data/sans_label/5b076a83-afe8-4876-a740-9c4671fdf489.jpg,unknown,unlabeled,7a8250da59d50fe179de10de2b9d6f17,1,cancer
../data/sans_label/5ad5d915-777b-4f36-84a1-2c019a869145.jpg,unknown,unlabeled,e16a9637cd9b1fc75f9950cd1ec44344,0,normal
../data/sans_label/5aafb393-a10b-430e-b1eb-5a86947c4395.jpg,unknown,unlabeled,fb279a97f956ed0cd793f1018043581e,1,cancer
../data/sans_label/5aa75529-97ae-4f97-b1fd-50e0d070ba04.jpg,unknown,unlabeled,375f000fd0bffd216cf3d3e59184dc08,0,normal
../data/sans_label/5a989308-5f9a-4528-9323-7a6c6547107d.jpg,unknown,unlabeled,0da010dd881fb84864f8fcca57d19da1,0,normal
../data/sans_label/5a4646c6-3d6e-43db-aab7-1205f7cca59b.jpg,unknown,unlabeled,c81c0b35c5ca7cfdebacc3f082ad38a7,0,normal
../data/sans_label/5cd3ab20-9d14-41b8-a8f6-6a4656ff6037.jpg,unknown,unlabeled,64192643e5d08664c91d830f4ba8c533,0,normal
../data/sans_label/5cfffb87-69c7-43fe-beff-bd68faf57a4c.jpg,unknown,unlabeled,ecbab9772becee15a0f3c3411178981c,1,cancer
../data/sans_label/5d54c255-27b9-4656-9450-b0482579555a.jpg,unknown,unlabeled,e6e2e2d554ba44533c48c0ef6e92041a,0,normal
../data/sans_label/5d675741-3b51-47be-afce-5c79ebe8b6ea.jpg,unknown,unlabeled,14a5e67fa0b871cae17ec88062793815,1,cancer
../data/sans_label/5f55e8e8-a676-42a9-bce8-4dd02234a621.jpg,unknown,unlabeled,3f47d8097422ee360747019265c2329a,1,cancer
../data/sans_label/5f4ed338-616e-43d7-b2a6-da67f4cdde5e.jpg,unknown,unlabeled,6869491063fbaa1e18d12f55d301379e,1,cancer
../data/sans_label/5f4659b2-668e-4f60-829f-b8157dcc15fd.jpg,unknown,unlabeled,879ca60011d916bd9b6e5704ace0de50,0,normal
../data/sans_label/5f37b3dc-0a43-4369-9921-95d1c9aae781.jpg,unknown,unlabeled,fa082fca2d2185ce34c5ac02a785276c,1,cancer
../data/sans_label/5ee07b35-5f1b-4871-986f-9890511a6459.jpg,unknown,unlabeled,2122b0111b72178c351014a9b63d50e2,0,normal
../data/sans_label/5ed35eaf-bdfa-452f-b7b7-85217d1ca78f.jpg,unknown,unlabeled,69928abd1b604a591fc95a4302f8b352,1,cancer
../data/sans_label/5ecb0070-73d9-4e69-b95b-270db8ae3c2c.jpg,unknown,unlabeled,410ac1d7c2f10064be179877bed0fd36,1,cancer
../data/sans_label/5a3b10ea-d871-4565-ab46-604e9903f3ee.jpg,unknown,unlabeled,4858e4b8709921b3a90a726f241e4190,0,normal
../data/sans_label/5ea43909-09a1-45a8-9d03-f3b9df576090.jpg,unknown,unlabeled,ccb1ac5f7f443e5529c618921b33085e,0,normal
../data/sans_label/5e0830ef-ca21-4640-9a17-5e696db5efa6.jpg,unknown,unlabeled,11a6c061ea3c115e206494fa7005c3d4,0,normal
../data/sans_label/5e06645e-7143-415b-9489-eb075330037a.jpg,unknown,unlabeled,c2265718c9fefa625dbd869186293252,0,normal
../data/sans_label/5df0a274-ccd4-4403-ac8c-453f51ffeedc.jpg,unknown,unlabeled,86f71fa181d9429cca801259debc3f40,0,normal
../data/sans_label/5ddcb581-7e49-4d44-9cb0-ff728b2a0742.jpg,unknown,unlabeled,03f42c38b5e5f5c8aeb507e515b0bdd8,1,cancer
../data/sans_label/5dd5c97a-611d-4503-b61b-41e0c3392f01.jpg,unknown,unlabeled,92567a04916fc247e33bd2d6484db0bb,0,normal
../data/sans_label/5d9c556c-ccf4-4960-a0c4-3fd6a3043fac.jpg,unknown,unlabeled,d08bebcdfca5169731d29a240db036df,0,normal
../data/sans_label/5d7dc03a-a9ef-4c24-9cb9-aee319a7ada5.jpg,unknown,unlabeled,1f373073ecc299beebe067a88ab41e08,1,cancer
../data/sans_label/5d67d159-6e50-4a5e-a3ce-aa87c190d358.jpg,unknown,unlabeled,052d9f32a73e24aaeaa5f1cb478f1d06,1,cancer
../data/sans_label/5e507feb-4ab0-4ac8-b211-5f34dd99e490.jpg,unknown,unlabeled,305b9682d61431ebff0a4be1b077814d,1,cancer
../data/sans_label/51a964bd-5916-45b8-91ae-81a0635143a9.jpg,unknown,unlabeled,c2f9753c33c606829a78920fa4d5c39a,1,cancer
../data/sans_label/59f4a53f-126b-4239-b6c4-7d352eec2ad5.jpg,unknown,unlabeled,caf11774682f9af95c7a935f56099ef3,1,cancer
../data/sans_label/5917a21d-0a1e-4138-ab5d-0d0e29d32b6b.jpg,unknown,unlabeled,5f1b32802139487ee114e986effe95c5,1,cancer
../data/sans_label/5544c82f-910d-4207-a46f-7e89a740c22e.jpg,unknown,unlabeled,fd86f61d1eeefc3461681519eae3c7a1,1,cancer
../data/sans_label/553cf3fa-ab91-47b4-98c9-9e6c9f3c964f.jpg,unknown,unlabeled,0b7526313f785191a013a474a11e9380,0,normal
../data/sans_label/544f03e7-a98e-4337-8fc0-01ace3ec18e1.jpg,unknown,unlabeled,82ba46fe284a0d6798ad1c71cc162078,1,cancer
../data/sans_label/53e9498b-de30-45f9-9653-768b3838b364.jpg,unknown,unlabeled,e5f7b3304f17af4bede0a820d6b9cbd0,0,normal
../data/sans_label/53af10d9-bad5-48ff-ba27-f26153fb11a1.jpg,unknown,unlabeled,d4fa646861bc077d79476be98b6e1b10,1,cancer
../data/sans_label/5343b736-574c-4a8b-8a26-606a727a3ba2.jpg,unknown,unlabeled,9f0d03989c0b2cff59ed82666117a44f,1,cancer
../data/sans_label/533b4415-879e-490c-b039-eb272938ba83.jpg,unknown,unlabeled,34ea9e6861f19815eaaedf06f44b3f1a,0,normal
../data/sans_label/531d1c0c-a400-41ea-b3a0-d73f59885416.jpg,unknown,unlabeled,7ddc6ce52ec15c80c83fded66f087620,1,cancer
../data/sans_label/530336b1-b63c-4693-a842-088374c12d4b.jpg,unknown,unlabeled,12b4049fda2b3848da668a5c377a83a1,1,cancer
../data/sans_label/52fe9479-660b-47f8-955e-ebf52fe8c9aa.jpg,unknown,unlabeled,a1c9d912f727cacff6ca2b9327f329c3,1,cancer
../data/sans_label/52f16dc2-f3c0-499c-9a50-59e02341b0fa.jpg,unknown,unlabeled,5020245f02ee8e5bd559a1ccee0086f4,1,cancer
../data/sans_label/52d8deef-b6a8-4772-8a02-be9a7f6b3741.jpg,unknown,unlabeled,1e6c0fe570d08c7c65cd9717506fcc22,0,normal
../data/sans_label/52cc60ff-dedd-4ed0-be2a-7538d2ed96d7.jpg,unknown,unlabeled,9f4ba2b9caa6f41b657e5cef9977502f,0,normal
../data/sans_label/52b3b597-7397-4e1c-8e8b-8f8b84af20b7.jpg,unknown,unlabeled,4c8e8d91ba62a28e00c79de0741bb912,0,normal
../data/sans_label/526c8abe-325b-4e72-bff7-3476900bee6c.jpg,unknown,unlabeled,dcfd43ebf3bf4a96462c93c498bf2c7a,0,normal
../data/sans_label/55651521-e806-425c-8314-9fd20864b090.jpg,unknown,unlabeled,e457400d569f383063d3123e9b48489c,1,cancer
../data/sans_label/55938246-aacc-4725-8e13-59d3bfaaf974.jpg,unknown,unlabeled,51983549e0f754f1c9e259922409fdbe,0,normal
../data/sans_label/55e65112-e914-4360-a2cb-3245bb02005a.jpg,unknown,unlabeled,111719da8ba8dadf41ff86e1c7242cc5,0,normal
../data/sans_label/59012ec2-6d1a-49b9-b7d2-91095e72f177.jpg,unknown,unlabeled,f2184669dcaf981661752bdbec86937b,0,normal
../data/sans_label/58cba4ba-db60-4790-af57-466b841a20ce.jpg,unknown,unlabeled,9a4b32f00853559b504dea362d176b07,1,cancer
../data/sans_label/57e77227-39fe-4d00-9419-a6cbdbc33e16.jpg,unknown,unlabeled,08a171e1c6cd946c1e2409684087ee54,0,normal
../data/sans_label/57baf15b-026f-49e4-8fe5-0b46802abba3.jpg,unknown,unlabeled,737ee01ae58c68e5c7c3c3332a8842e5,1,cancer
../data/sans_label/57b499f8-f04b-4c6c-96ee-1ebf4eba5f12.jpg,unknown,unlabeled,226abafe646b127bc93b6649901662aa,0,normal
../data/sans_label/5795682e-91f2-4aa7-917a-55b589fda78b.jpg,unknown,unlabeled,733fbe675c0864ca56c8013fec3ae788,1,cancer
../data/sans_label/5735cc06-85b0-48a3-84c0-b636f7817ac5.jpg,unknown,unlabeled,e7a3453a44863322669a1e8813a31655,1,cancer
../data/sans_label/56f43b5b-e894-4a26-9117-e12b45937248.jpg,unknown,unlabeled,52c9940bc72bae5e8575a1edeb668d6d,1,cancer
../data/sans_label/56f2989c-2983-4d9e-8cfd-2aceae7cad0e.jpg,unknown,unlabeled,bb3be7cbde195b4629fdd61b4ab2f87d,0,normal
../data/sans_label/56dad7f7-9054-468b-9714-10589af74613.jpg,unknown,unlabeled,fce95d7ddc781f0e9410691fa10405ff,1,cancer
../data/sans_label/56c4e87b-d26c-4163-aad6-cc18cdb31c4d.jpg,unknown,unlabeled,12205d34cb8260010c313043c80d5976,1,cancer
../data/sans_label/56839f79-a382-40e1-854d-312d7e2e7c11.jpg,unknown,unlabeled,5074ea57110e9b087ea6100ca2192157,1,cancer
../data/sans_label/5678f634-63d9-4f7a-8d1e-a5d05a324747.jpg,unknown,unlabeled,c5eada34cb71ebf2836eaa07184b0bb1,1,cancer
../data/sans_label/5674a7bf-6fe6-4c43-b574-fdd81608e18b.jpg,unknown,unlabeled,ce2500e542298025121049f7ae9a8032,1,cancer
../data/sans_label/566df089-a010-4e9a-8038-48bafb8d65c4.jpg,unknown,unlabeled,25bfb7f57c8f942dd899f6d3c999237f,1,cancer
../data/sans_label/56349c6c-aa8c-49a4-9112-f50938eecfed.jpg,unknown,unlabeled,6b1b654961035cc5076f5b9e0a178de7,0,normal
../data/sans_label/55ff4348-5711-47d8-9482-11fdfae5a64a.jpg,unknown,unlabeled,a3436d0b31952594a150c8d0771ab842,0,normal
../data/sans_label/56e37c03-c9a4-4e39-8d6f-12bf8e03dcb4.jpg,unknown,unlabeled,78612dcd9031dbc9ed025e3582abe389,1,cancer
../data/sans_label/ffe6c966-3830-4e88-b02d-bb47fdf4da18.jpg,unknown,unlabeled,455cf62324b604fa46a9ed30d091e638,1,cancer
